Id,PID,MS SubClass,MS Zoning,Lot Frontage,Lot Area,Street,Alley,Lot Shape,Land Contour,Utilities,Lot Config,Land Slope,Neighborhood,Condition 1,Condition 2,Bldg Type,House Style,Overall Qual,Overall Cond,Year Built,Year Remod/Add,Roof Style,Roof Matl,Exterior 1st,Exterior 2nd,Mas Vnr Type,Mas Vnr Area,Exter Qual,Exter Cond,Foundation,Bsmt Qual,Bsmt Cond,Bsmt Exposure,BsmtFin Type 1,BsmtFin SF 1,BsmtFin Type 2,BsmtFin SF 2,Bsmt Unf SF,Total Bsmt SF,Heating,Heating QC,Central Air,Electrical,1st Flr SF,2nd Flr SF,Low Qual Fin SF,Gr Liv Area,Bsmt Full Bath,Bsmt Half Bath,Full Bath,Half Bath,Bedroom AbvGr,Kitchen AbvGr,Kitchen Qual,TotRms AbvGrd,Functional,Fireplaces,Fireplace Qu,Garage Type,Garage Yr Blt,Garage Finish,Garage Cars,Garage Area,Garage Qual,Garage Cond,Paved Drive,Wood Deck SF,Open Porch SF,Enclosed Porch,3Ssn Porch,Screen Porch,Pool Area,Pool QC,Fence,Misc Feature,Misc Val,Mo Sold,Yr Sold,Sale Type,SalePrice,under_valued
109,533352170,60,RL,,13517,Pave,,IR1,Lvl,AllPub,CulDSac,Gtl,Sawyer,RRAe,Norm,1Fam,2Story,6,8,1976,2005,Gable,CompShg,HdBoard,Plywood,BrkFace,289.0,Gd,TA,CBlock,TA,TA,No,GLQ,533.0,Unf,0.0,192.0,725.0,GasA,Ex,Y,SBrkr,725,754,0,1479,0.0,0.0,2,1,3,1,Gd,6,Typ,0,,Attchd,1976.0,RFn,2.0,475.0,TA,TA,Y,0,44,0,0,0,0,,,,0,3,2010,WD ,130500,True
153,535304180,20,RL,68.0,7922,Pave,,Reg,Lvl,AllPub,Inside,Gtl,NAmes,Norm,Norm,1Fam,1Story,5,7,1953,2007,Gable,CompShg,VinylSd,VinylSd,None,0.0,TA,Gd,CBlock,TA,TA,No,GLQ,731.0,Unf,0.0,326.0,1057.0,GasA,TA,Y,SBrkr,1057,0,0,1057,1.0,0.0,1,0,3,1,Gd,5,Typ,0,,Detchd,1953.0,Unf,1.0,246.0,TA,TA,Y,0,52,0,0,0,0,,,,0,1,2010,WD ,109000,True
138,535126040,20,RL,137.0,16492,Pave,,IR1,Lvl,AllPub,Corner,Gtl,NAmes,PosA,Norm,1Fam,1Story,6,6,1966,2002,Gable,CompShg,BrkFace,Plywood,None,0.0,Gd,TA,CBlock,TA,TA,No,ALQ,247.0,Rec,713.0,557.0,1517.0,GasA,Ex,Y,SBrkr,1888,0,0,1888,0.0,0.0,2,1,2,1,Gd,6,Mod,1,Gd,Attchd,1966.0,Fin,2.0,578.0,TA,TA,Y,0,0,0,0,0,0,,,,0,6,2010,WD ,190000,True
1956,535426130,60,RL,70.0,11606,Pave,,IR1,HLS,AllPub,Inside,Sev,NAmes,Norm,Norm,1Fam,2Story,5,5,1969,1969,Gable,CompShg,Plywood,Plywood,BrkFace,192.0,TA,TA,PConc,Gd,TA,Av,Rec,650.0,Unf,0.0,390.0,1040.0,GasA,TA,Y,SBrkr,1040,1040,0,2080,0.0,1.0,1,2,5,1,Fa,9,Typ,2,TA,Attchd,1969.0,Unf,2.0,504.0,TA,TA,Y,335,0,0,0,0,0,,,,0,9,2007,WD ,135000,True
1044,527451290,160,RM,21.0,1680,Pave,,Reg,Lvl,AllPub,Inside,Gtl,BrDale,Norm,Norm,Twnhs,2Story,6,5,1971,1971,Gable,CompShg,HdBoard,HdBoard,BrkFace,232.0,TA,TA,CBlock,TA,TA,No,ALQ,387.0,Unf,0.0,96.0,483.0,GasA,TA,Y,SBrkr,483,504,0,987,0.0,0.0,1,1,2,1,TA,4,Typ,0,,Detchd,1971.0,Unf,1.0,264.0,TA,TA,Y,0,0,0,0,0,0,,,,0,7,2008,COD,85400,True
380,527355150,20,RL,80.0,9600,Pave,,Reg,Lvl,AllPub,Inside,Gtl,NWAmes,PosN,Norm,1Fam,1Story,8,5,1981,1981,Hip,WdShngl,BrkFace,BrkFace,None,0.0,Gd,TA,PConc,Gd,TA,No,ALQ,1104.0,Unf,0.0,1420.0,2524.0,GasA,TA,Y,SBrkr,2524,0,0,2524,1.0,0.0,2,1,4,1,Gd,9,Typ,1,Gd,Attchd,1981.0,Fin,2.0,542.0,TA,TA,Y,474,120,0,0,0,0,,MnPrv,,0,7,2009,WD ,278000,True
675,535426150,20,RL,80.0,9000,Pave,,IR1,HLS,AllPub,Inside,Mod,NAmes,Norm,Norm,1Fam,1Story,6,6,1958,1958,Flat,Tar&Grv,Wd Sdng,Wd Sdng,BrkFace,82.0,TA,TA,CBlock,Gd,TA,Gd,Unf,0.0,Unf,0.0,160.0,160.0,GasA,Fa,Y,SBrkr,1142,0,0,1142,0.0,0.0,1,0,2,1,TA,5,Typ,1,Gd,Basment,1958.0,RFn,1.0,384.0,TA,TA,Y,0,28,64,0,0,0,,,,0,4,2009,WD ,113500,True
330,923226250,160,RM,21.0,1476,Pave,,Reg,Lvl,AllPub,Inside,Gtl,MeadowV,Norm,Norm,Twnhs,2Story,4,7,1970,1970,Gable,CompShg,CemntBd,CmentBd,None,0.0,TA,TA,CBlock,TA,TA,No,GLQ,176.0,Unf,0.0,370.0,546.0,GasA,Ex,Y,SBrkr,546,546,0,1092,0.0,0.0,1,1,3,1,TA,5,Typ,0,,,,,0.0,0.0,,,Y,200,26,0,0,0,0,,,,0,3,2010,WD ,76000,True
2833,908188150,160,RM,32.0,3363,Pave,,Reg,Lvl,AllPub,Inside,Gtl,Edwards,Norm,Norm,TwnhsE,2Story,7,5,2004,2004,Gable,CompShg,VinylSd,VinylSd,Stone,117.0,Gd,TA,PConc,Gd,TA,No,Unf,0.0,Unf,0.0,976.0,976.0,GasA,Ex,Y,SBrkr,976,732,0,1708,0.0,0.0,2,0,3,1,Gd,7,Maj1,0,,Detchd,2004.0,Unf,2.0,380.0,TA,TA,Y,0,40,0,0,0,0,,,,0,4,2006,WD ,130000,True
1836,533206060,120,FV,80.0,3523,Pave,Pave,IR1,Lvl,AllPub,Inside,Gtl,Somerst,Norm,Norm,TwnhsE,1Story,8,5,2006,2007,Gable,CompShg,VinylSd,VinylSd,Stone,30.0,Gd,TA,PConc,Gd,TA,No,GLQ,60.0,Unf,0.0,1081.0,1141.0,GasA,Ex,Y,SBrkr,1151,0,0,1151,1.0,0.0,2,0,2,1,Gd,5,Typ,0,,Attchd,2006.0,Fin,2.0,484.0,TA,TA,Y,0,60,0,0,0,0,,,,0,2,2007,New,166000,True
1184,533350120,20,RL,103.0,16280,Pave,,Reg,Lvl,AllPub,Inside,Gtl,Veenker,Norm,Norm,1Fam,1Story,8,9,1976,2007,Gable,CompShg,VinylSd,VinylSd,None,0.0,Ex,Ex,CBlock,Gd,Ex,Mn,GLQ,1044.0,Rec,382.0,0.0,1426.0,GasA,Ex,Y,SBrkr,1671,0,0,1671,1.0,0.0,3,0,3,1,Ex,6,Typ,1,Gd,Attchd,1976.0,RFn,2.0,550.0,TA,TA,Y,280,90,0,0,0,0,,GdWo,,0,5,2008,WD ,290000,True
2028,903427040,50,RM,60.0,8520,Pave,Grvl,Reg,Lvl,AllPub,Inside,Gtl,OldTown,Artery,Norm,1Fam,1.5Fin,6,7,1916,1950,Gable,CompShg,Stucco,Stucco,None,0.0,TA,Gd,BrkTil,TA,TA,No,Rec,168.0,LwQ,546.0,0.0,714.0,GasW,TA,N,SBrkr,1664,862,0,2526,0.0,0.0,2,0,5,1,Gd,10,Typ,1,Gd,Detchd,1916.0,Unf,1.0,216.0,TA,TA,Y,88,15,0,0,0,0,,GdWo,,0,8,2007,CWD,136000,True
1183,533350090,60,RL,,24572,Pave,,IR1,Lvl,AllPub,CulDSac,Gtl,Veenker,Norm,Norm,1Fam,2Story,9,3,1977,1977,Mansard,CompShg,Wd Sdng,Wd Sdng,BrkFace,1050.0,Gd,Gd,CBlock,Gd,TA,No,GLQ,410.0,Unf,0.0,584.0,994.0,GasA,TA,Y,SBrkr,1599,1345,0,2944,0.0,0.0,2,2,3,1,Gd,9,Typ,1,Gd,Attchd,1977.0,RFn,3.0,864.0,TA,TA,Y,140,70,16,0,0,0,,,,0,6,2008,WD ,150000,True
89,532378110,20,RL,,6897,Pave,,IR1,Lvl,AllPub,Corner,Gtl,Sawyer,Norm,Norm,1Fam,1Story,5,8,1962,2010,Gable,CompShg,HdBoard,HdBoard,None,0.0,TA,Gd,CBlock,TA,TA,No,ALQ,659.0,Unf,0.0,381.0,1040.0,GasA,Ex,Y,SBrkr,1040,0,0,1040,1.0,0.0,1,1,3,1,TA,6,Typ,0,,Detchd,1962.0,Unf,1.0,260.0,TA,TA,Y,0,104,0,0,0,0,,,,0,4,2010,WD ,127000,True
2327,527182020,120,RL,30.0,3701,Pave,,IR1,Lvl,AllPub,Inside,Gtl,StoneBr,Norm,Norm,TwnhsE,1Story,8,5,1987,1987,Gable,CompShg,HdBoard,HdBoard,None,0.0,TA,TA,CBlock,Gd,TA,No,Unf,0.0,Unf,0.0,1191.0,1191.0,GasA,TA,Y,SBrkr,1204,0,0,1204,0.0,0.0,2,0,2,1,TA,5,Typ,0,,Attchd,1987.0,RFn,2.0,461.0,TA,TA,Y,120,70,0,0,0,0,,,,0,8,2006,WD ,130000,True
2067,905226050,30,RL,,25339,Pave,,Reg,Lvl,AllPub,Inside,Gtl,Sawyer,Norm,Norm,1Fam,1Story,5,7,1918,2007,Gable,CompShg,Wd Sdng,Wd Sdng,None,0.0,TA,Gd,BrkTil,TA,TA,No,Unf,0.0,Unf,0.0,816.0,816.0,GasA,Ex,Y,SBrkr,1416,0,0,1416,0.0,0.0,2,0,3,1,Gd,7,Typ,0,,Attchd,2007.0,Unf,2.0,576.0,TA,TA,N,0,0,112,0,0,0,,,,0,8,2007,WD ,112000,True
754,903430070,90,RM,50.0,3000,Pave,Grvl,Reg,Bnk,AllPub,Inside,Gtl,OldTown,Norm,Norm,Duplex,2Story,5,1,1922,1950,Hip,CompShg,MetalSd,MetalSd,None,0.0,TA,TA,BrkTil,TA,Fa,No,Unf,0.0,Unf,0.0,1040.0,1040.0,GasA,TA,N,SBrkr,1088,1040,0,2128,0.0,0.0,2,0,4,2,TA,11,Sev,0,,,,,0.0,0.0,,,Y,0,56,0,0,0,0,,,,0,9,2009,WD ,62500,True
1079,528188150,160,RL,36.0,2448,Pave,,Reg,Lvl,AllPub,Inside,Gtl,NridgHt,Norm,Norm,Twnhs,2Story,7,5,2003,2004,Gable,CompShg,VinylSd,Wd Shng,Stone,106.0,Gd,TA,PConc,Gd,TA,No,GLQ,573.0,Unf,0.0,191.0,764.0,GasA,Ex,Y,SBrkr,764,862,0,1626,1.0,0.0,2,1,2,1,Gd,6,Typ,0,,BuiltIn,2003.0,RFn,2.0,474.0,TA,TA,Y,0,27,0,0,0,0,,,,0,10,2008,WD ,154000,True
1910,534479140,70,RL,79.0,9480,Pave,,Reg,Lvl,AllPub,Inside,Gtl,NAmes,Artery,Norm,1Fam,2Story,5,7,1942,1995,Gable,CompShg,MetalSd,MetalSd,Stone,224.0,TA,TA,CBlock,TA,TA,No,LwQ,386.0,Unf,0.0,342.0,728.0,GasA,Ex,Y,SBrkr,888,756,0,1644,0.0,0.0,1,1,3,1,Gd,7,Typ,2,Gd,Attchd,1942.0,Unf,1.0,312.0,TA,TA,Y,168,0,0,0,0,0,,,,0,6,2007,WD ,146500,True
1323,902405070,70,RM,60.0,10800,Pave,,Reg,Lvl,AllPub,Inside,Gtl,OldTown,Norm,Norm,1Fam,2Story,7,7,1890,1999,Gable,CompShg,Wd Sdng,Wd Shng,None,0.0,TA,TA,BrkTil,TA,TA,Mn,Unf,0.0,Unf,0.0,1313.0,1313.0,GasW,Gd,Y,SBrkr,1313,1182,0,2495,0.0,0.0,2,0,5,1,TA,10,Typ,1,Gd,Detchd,1950.0,Unf,2.0,342.0,TA,Fa,Y,0,299,0,0,0,0,,,,0,12,2008,WD ,184000,True
1554,910251050,20,A (agr),80.0,14584,Pave,,Reg,Low,AllPub,Inside,Mod,IDOTRR,Norm,Norm,1Fam,1Story,1,5,1952,1952,Gable,CompShg,AsbShng,VinylSd,None,0.0,Fa,Po,Slab,,,,,0.0,,0.0,0.0,0.0,Wall,Po,N,FuseA,733,0,0,733,0.0,0.0,1,0,2,1,Fa,4,Sal,0,,Attchd,1952.0,Unf,2.0,487.0,Fa,Po,N,0,0,0,0,0,0,,,,0,2,2008,WD ,13100,True
1834,533130170,50,RL,85.0,10678,Pave,,Reg,Lvl,AllPub,Inside,Gtl,NoRidge,Norm,Norm,1Fam,1.5Fin,8,5,1992,2000,Hip,CompShg,HdBoard,HdBoard,BrkFace,337.0,Gd,TA,PConc,Gd,TA,No,GLQ,700.0,Unf,0.0,983.0,1683.0,GasA,Ex,Y,SBrkr,2129,743,0,2872,0.0,0.0,2,1,4,1,Gd,9,Typ,1,TA,Attchd,1992.0,Fin,2.0,541.0,TA,TA,Y,0,33,0,0,0,0,,,,0,4,2007,WD ,285000,True
524,528477050,60,FV,85.0,11003,Pave,,Reg,Lvl,AllPub,Inside,Gtl,Somerst,Norm,Norm,1Fam,2Story,10,5,2008,2008,Gable,CompShg,VinylSd,VinylSd,Stone,160.0,Ex,TA,PConc,Ex,TA,Av,GLQ,765.0,Unf,0.0,252.0,1017.0,GasA,Ex,Y,SBrkr,1026,981,0,2007,1.0,0.0,2,1,3,1,Ex,10,Typ,1,Ex,Attchd,2008.0,Fin,3.0,812.0,TA,TA,Y,168,52,0,0,0,0,,,,0,4,2009,WD ,310000,True
1583,916403230,80,RL,85.0,10200,Pave,,Reg,Lvl,AllPub,Inside,Gtl,Timber,Norm,Norm,1Fam,SLvl,6,5,1988,1989,Gable,CompShg,HdBoard,HdBoard,BrkFace,219.0,Gd,TA,CBlock,Gd,TA,Av,GLQ,783.0,Unf,0.0,678.0,1461.0,GasA,Ex,Y,SBrkr,1509,0,0,1509,1.0,0.0,2,0,3,1,Gd,5,Typ,1,Fa,Attchd,1988.0,RFn,2.0,600.0,TA,TA,Y,224,0,0,0,0,0,,,,0,8,2008,WD ,175000,True
2858,909275230,70,RL,60.0,9550,Pave,,IR1,Lvl,AllPub,Corner,Gtl,Crawfor,Norm,Norm,1Fam,2Story,7,5,1915,1970,Gable,CompShg,Wd Sdng,Wd Shng,None,0.0,TA,TA,BrkTil,TA,Gd,No,ALQ,216.0,Unf,0.0,540.0,756.0,GasA,Gd,Y,SBrkr,961,756,0,1717,1.0,0.0,1,0,3,1,Gd,7,Typ,1,Gd,Detchd,1998.0,Unf,3.0,642.0,TA,TA,Y,0,35,272,0,0,0,,,,0,2,2006,WD ,140000,True
1212,534403050,20,RL,75.0,8250,Pave,,Reg,Lvl,AllPub,Inside,Gtl,NAmes,Norm,Norm,1Fam,1Story,6,7,1964,1964,Hip,CompShg,HdBoard,HdBoard,Stone,260.0,TA,TA,CBlock,Gd,TA,No,Rec,787.0,Unf,0.0,305.0,1092.0,GasA,Ex,Y,SBrkr,1092,0,0,1092,1.0,0.0,1,0,3,1,TA,6,Typ,0,,Attchd,1964.0,RFn,2.0,504.0,TA,Gd,Y,0,0,0,0,0,0,,MnPrv,,0,7,2008,WD ,145000,True
1105,528363020,60,RL,,11929,Pave,,IR1,Lvl,AllPub,CulDSac,Gtl,NoRidge,Norm,Norm,1Fam,2Story,8,7,1995,1995,Gable,CompShg,VinylSd,VinylSd,BrkFace,466.0,Gd,TA,PConc,Gd,TA,Av,Unf,0.0,Unf,0.0,1242.0,1242.0,GasA,Ex,Y,SBrkr,1251,1250,0,2501,0.0,0.0,2,1,4,1,Gd,9,Typ,1,TA,Attchd,1995.0,RFn,3.0,751.0,TA,TA,Y,192,87,0,0,0,0,,,,0,6,2008,WD ,290000,True
1223,534453140,70,RL,50.0,4882,Pave,,IR1,Bnk,AllPub,Inside,Mod,BrkSide,RRAn,Feedr,1Fam,2Story,4,7,1937,1950,Gable,CompShg,MetalSd,MetalSd,None,0.0,TA,TA,PConc,TA,TA,No,Rec,120.0,Unf,0.0,228.0,348.0,GasA,TA,Y,SBrkr,453,453,0,906,0.0,0.0,1,0,2,1,TA,5,Typ,0,,Basment,1937.0,Unf,1.0,231.0,Fa,TA,Y,0,0,0,0,0,0,,,,0,9,2008,WD ,87000,True
131,534451150,30,RL,55.0,5350,Pave,,IR1,Lvl,AllPub,Inside,Gtl,BrkSide,Norm,Norm,1Fam,1Story,3,2,1940,1966,Gable,CompShg,Wd Sdng,Plywood,None,0.0,TA,Po,CBlock,TA,TA,No,Unf,0.0,Unf,0.0,728.0,728.0,GasA,Ex,Y,SBrkr,1306,0,0,1306,0.0,0.0,1,0,3,1,Fa,6,Mod,0,,,,,0.0,0.0,,,Y,263,0,0,0,0,0,,GdWo,Shed,450,5,2010,WD ,76500,True
1508,908250090,20,RL,68.0,9520,Pave,,Reg,Bnk,AllPub,Inside,Mod,Edwards,Norm,Norm,1Fam,1Story,4,5,1953,1953,Gable,CompShg,MetalSd,MetalSd,Stone,115.0,TA,TA,CBlock,Gd,TA,No,Rec,767.0,Unf,0.0,144.0,911.0,GasA,TA,Y,SBrkr,930,0,0,930,0.0,0.0,1,0,2,1,TA,5,Typ,0,,Attchd,1953.0,RFn,1.0,286.0,TA,TA,Y,134,0,0,0,0,0,,MnPrv,Gar2,3000,5,2008,WD ,99000,True
615,534450150,30,RL,50.0,5330,Pave,,Reg,HLS,AllPub,Inside,Gtl,BrkSide,Norm,Norm,1Fam,1Story,4,7,1940,1950,Hip,CompShg,VinylSd,VinylSd,None,0.0,Fa,TA,CBlock,TA,TA,No,LwQ,280.0,Unf,0.0,140.0,420.0,GasA,Gd,Y,SBrkr,708,0,0,708,0.0,0.0,1,0,2,1,Fa,5,Typ,0,,,,,0.0,0.0,,,Y,164,0,0,0,0,0,,,,0,12,2009,WD ,82500,True
2525,534126060,80,RL,102.0,10192,Pave,,IR1,Lvl,AllPub,Inside,Gtl,NWAmes,Norm,Norm,1Fam,SLvl,7,6,1968,1992,Gable,CompShg,MetalSd,MetalSd,BrkFace,143.0,TA,TA,CBlock,TA,TA,No,Unf,0.0,Unf,0.0,570.0,570.0,GasA,Gd,Y,SBrkr,1222,698,0,1920,0.0,0.0,3,0,4,1,Gd,8,Typ,1,TA,Attchd,1968.0,RFn,2.0,487.0,TA,TA,Y,0,98,0,0,0,0,,GdPrv,,0,9,2006,WD ,170000,True
2140,907202220,20,RL,75.0,9675,Pave,,Reg,Lvl,AllPub,Corner,Gtl,CollgCr,Norm,Norm,1Fam,1Story,5,6,1975,1975,Hip,CompShg,HdBoard,HdBoard,None,0.0,TA,TA,CBlock,TA,TA,No,BLQ,330.0,Rec,432.0,102.0,864.0,GasA,TA,Y,SBrkr,879,0,0,879,0.0,0.0,1,0,3,1,TA,5,Typ,0,,Attchd,1975.0,Unf,2.0,440.0,TA,TA,Y,0,80,0,0,0,0,,,,0,9,2007,Con,120000,True
1646,527302020,80,RL,78.0,12090,Pave,,Reg,Lvl,AllPub,Inside,Gtl,NWAmes,Norm,Norm,1Fam,SLvl,6,7,1984,2003,Hip,CompShg,VinylSd,VinylSd,BrkFace,74.0,TA,TA,CBlock,Gd,TA,No,Unf,0.0,Unf,0.0,585.0,585.0,GasA,Ex,Y,SBrkr,1140,728,0,1868,0.0,0.0,3,1,3,1,TA,7,Typ,1,TA,BuiltIn,1984.0,Fin,2.0,477.0,TA,TA,Y,268,112,0,0,147,0,,,,0,1,2007,WD ,178000,True
1060,528118090,60,RL,96.0,12539,Pave,,Reg,Lvl,AllPub,Inside,Gtl,NridgHt,PosN,Norm,1Fam,2Story,10,5,2005,2006,Hip,CompShg,CemntBd,CmentBd,BrkFace,468.0,Ex,TA,PConc,Ex,TA,Gd,GLQ,1082.0,Unf,0.0,538.0,1620.0,GasA,Ex,Y,SBrkr,1632,1158,0,2790,1.0,0.0,2,1,4,1,Ex,10,Typ,1,Ex,BuiltIn,2005.0,Fin,4.0,1150.0,TA,TA,Y,30,200,0,0,192,0,,,,0,6,2008,WD ,460000,True
1783,528431110,20,RL,75.0,9986,Pave,,Reg,Lvl,AllPub,Inside,Gtl,Somerst,Norm,Norm,1Fam,1Story,8,5,2006,2007,Gable,CompShg,VinylSd,VinylSd,BrkFace,428.0,Gd,TA,PConc,Ex,TA,Av,Unf,0.0,Unf,0.0,1795.0,1795.0,GasA,Ex,Y,SBrkr,1795,0,0,1795,0.0,0.0,2,0,2,1,Gd,7,Typ,1,Gd,Attchd,2007.0,RFn,3.0,895.0,TA,TA,Y,0,49,0,0,0,0,,,,0,2,2007,New,147000,True
762,904100190,20,RL,50.0,4280,Pave,,IR1,Lvl,AllPub,Inside,Gtl,Sawyer,Norm,Norm,1Fam,1Story,4,9,1946,2001,Gable,CompShg,MetalSd,MetalSd,None,0.0,TA,Gd,CBlock,Fa,TA,No,Unf,0.0,Unf,0.0,560.0,560.0,GasA,Ex,Y,FuseA,704,0,0,704,0.0,1.0,1,0,2,1,Fa,4,Typ,0,,CarPort,1946.0,Unf,1.0,220.0,TA,TA,Y,0,0,24,0,0,0,,,,0,9,2009,WD ,88750,True
158,535353190,50,RL,78.0,17503,Pave,,Reg,Lvl,AllPub,Inside,Gtl,NAmes,Artery,Norm,1Fam,1.5Fin,6,5,1948,1950,Gable,CompShg,VinylSd,VinylSd,None,0.0,TA,TA,CBlock,TA,TA,No,Unf,0.0,Unf,0.0,912.0,912.0,GasA,TA,Y,SBrkr,912,546,0,1458,0.0,1.0,1,0,3,1,TA,6,Typ,1,Gd,Attchd,1948.0,Unf,1.0,330.0,TA,TA,Y,192,0,0,0,0,0,,,,0,1,2010,WD ,97500,True
2657,902207110,30,RM,48.0,5747,Pave,,Reg,Lvl,AllPub,Inside,Gtl,OldTown,Norm,Norm,1Fam,1Story,3,4,1920,1950,Gable,CompShg,Wd Sdng,Wd Sdng,None,0.0,TA,TA,PConc,TA,TA,No,Unf,0.0,Unf,0.0,798.0,798.0,GasA,Gd,Y,SBrkr,840,0,0,840,0.0,0.0,1,0,2,1,Fa,5,Typ,0,,Detchd,1938.0,Unf,1.0,250.0,TA,Fa,N,112,0,0,0,0,0,,,,0,6,2006,WD ,64000,True
184,902305110,70,RM,60.0,9600,Pave,Grvl,Reg,Lvl,AllPub,Corner,Gtl,OldTown,Norm,Norm,1Fam,2Story,8,9,1900,2003,Gable,CompShg,Wd Sdng,Wd Sdng,None,0.0,Gd,Gd,BrkTil,TA,TA,No,Unf,0.0,Unf,0.0,930.0,930.0,GasW,TA,N,SBrkr,930,636,0,1566,0.0,0.0,2,0,3,1,Gd,7,Typ,0,,Detchd,1930.0,Unf,1.0,288.0,TA,TA,Y,54,228,246,0,0,0,,,,0,4,2010,WD ,150000,True
753,903430060,75,RM,92.0,5520,Pave,,Reg,Lvl,AllPub,Corner,Gtl,OldTown,Norm,Norm,1Fam,2.5Fin,6,6,1912,1950,Gable,CompShg,Wd Sdng,Wd Sdng,None,0.0,TA,TA,CBlock,TA,TA,No,Unf,0.0,Unf,0.0,755.0,755.0,GasA,Ex,Y,SBrkr,929,929,371,2229,0.0,0.0,1,0,5,1,TA,8,Typ,0,,,,,0.0,0.0,,,Y,0,198,30,0,0,0,,MnPrv,,0,7,2009,WD ,104000,True
280,908152080,80,RL,94.0,7819,Pave,,Reg,Lvl,AllPub,Inside,Gtl,Edwards,Norm,Norm,1Fam,SLvl,6,5,1976,1976,Gable,CompShg,Plywood,Plywood,None,0.0,TA,TA,CBlock,TA,TA,Av,ALQ,422.0,BLQ,127.0,480.0,1029.0,GasA,TA,Y,SBrkr,1117,0,0,1117,1.0,0.0,1,0,3,1,TA,6,Typ,1,TA,Detchd,1976.0,Unf,2.0,672.0,TA,TA,Y,144,0,0,0,0,0,,MnPrv,,0,3,2010,WD ,107000,True
2371,527451450,160,RM,21.0,1680,Pave,,Reg,Lvl,AllPub,Inside,Gtl,BrDale,Norm,Norm,Twnhs,2Story,6,5,1972,1972,Gable,CompShg,HdBoard,HdBoard,BrkFace,504.0,TA,TA,CBlock,TA,TA,No,ALQ,276.0,Unf,0.0,207.0,483.0,GasA,TA,Y,SBrkr,483,465,0,948,0.0,0.0,1,1,2,1,TA,5,Typ,0,,Detchd,1972.0,Unf,1.0,264.0,TA,TA,Y,0,0,0,0,0,0,,,,0,7,2006,WD ,89000,True
767,904351200,70,RH,54.0,6629,Pave,,Reg,Lvl,AllPub,Inside,Gtl,Edwards,Artery,Norm,1Fam,2Story,6,6,1925,1950,Gambrel,CompShg,Wd Sdng,Wd Sdng,None,0.0,TA,Gd,BrkTil,TA,TA,No,BLQ,551.0,Unf,0.0,121.0,672.0,GasA,TA,N,SBrkr,697,672,0,1369,1.0,0.0,2,0,3,1,TA,6,Typ,0,,Detchd,1930.0,Unf,1.0,300.0,TA,TA,Y,147,0,0,0,0,0,,,,0,7,2009,WD ,103600,True
1556,911102170,70,C (all),50.0,8500,Pave,Pave,Reg,Lvl,AllPub,Inside,Gtl,IDOTRR,Feedr,Norm,1Fam,2Story,4,4,1920,1950,Gambrel,CompShg,BrkFace,BrkFace,None,0.0,TA,Fa,BrkTil,TA,TA,No,Unf,0.0,Unf,0.0,649.0,649.0,GasA,TA,N,SBrkr,649,668,0,1317,0.0,0.0,1,0,3,1,TA,6,Typ,0,,Detchd,1920.0,Unf,1.0,250.0,TA,Fa,N,0,54,172,0,0,0,,MnPrv,,0,7,2008,WD ,40000,True
308,911204100,30,C (all),66.0,8712,Grvl,,Reg,Lvl,AllPub,Corner,Gtl,IDOTRR,Norm,Norm,1Fam,1Story,4,7,1896,1950,Hip,CompShg,Wd Sdng,Wd Sdng,None,0.0,Fa,Fa,CBlock,TA,TA,No,Unf,0.0,Unf,0.0,756.0,756.0,GasA,Gd,Y,SBrkr,952,0,0,952,0.0,0.0,1,0,3,1,TA,5,Typ,0,,Detchd,1896.0,RFn,1.0,330.0,TA,TA,N,0,0,265,0,0,0,,,,0,6,2010,WD ,50138,True
1002,527140090,120,RL,41.0,5395,Pave,,IR1,HLS,AllPub,Inside,Gtl,StoneBr,Norm,Norm,TwnhsE,1Story,8,5,1993,1993,Gable,CompShg,HdBoard,HdBoard,None,0.0,Gd,TA,PConc,Gd,TA,No,GLQ,733.0,Unf,0.0,604.0,1337.0,GasA,Gd,Y,SBrkr,1337,0,0,1337,1.0,0.0,2,0,2,1,Gd,5,Typ,1,TA,Attchd,1993.0,RFn,2.0,462.0,TA,TA,Y,96,0,70,168,0,0,,,,0,10,2008,WD ,180000,True
2603,535380130,50,RL,60.0,10818,Pave,Grvl,Reg,Lvl,AllPub,Inside,Gtl,OldTown,Norm,Norm,1Fam,1.5Fin,4,4,1910,1950,Gable,CompShg,VinylSd,VinylSd,None,0.0,TA,TA,BrkTil,Fa,TA,No,Unf,0.0,Unf,0.0,1077.0,1077.0,GasA,TA,Y,FuseA,981,779,0,1760,0.0,0.0,1,1,4,1,TA,7,Typ,1,TA,Detchd,1935.0,Unf,2.0,648.0,Fa,TA,Y,120,0,96,0,0,0,,,,0,2,2006,COD,80000,True
2118,906475110,60,RL,,12205,Pave,,IR1,Low,AllPub,Inside,Gtl,ClearCr,Norm,Norm,1Fam,2Story,6,8,1966,2007,Gable,CompShg,HdBoard,HdBoard,BrkFace,157.0,TA,TA,CBlock,TA,Fa,Gd,LwQ,568.0,Unf,0.0,264.0,832.0,GasA,Gd,Y,SBrkr,976,1111,0,2087,0.0,0.0,2,1,5,1,Gd,9,Typ,0,,Attchd,1966.0,Fin,2.0,444.0,TA,TA,Y,133,168,0,0,0,0,,,,0,7,2007,WD ,187500,True
911,909250080,70,RL,43.0,5707,Pave,,Reg,Bnk,AllPub,Inside,Gtl,SWISU,Feedr,Norm,1Fam,2Story,6,6,1935,1950,Gable,CompShg,Wd Sdng,Wd Sdng,None,0.0,TA,TA,BrkTil,TA,TA,No,Unf,0.0,Unf,0.0,583.0,583.0,GasA,Gd,Y,FuseF,647,595,0,1242,0.0,0.0,1,1,3,1,TA,6,Typ,1,Gd,Detchd,1926.0,Unf,1.0,180.0,Fa,TA,Y,329,96,0,0,0,0,,,,0,3,2009,WD ,105000,True
1744,528228375,120,RL,,3621,Pave,,Reg,Lvl,AllPub,Inside,Gtl,Blmngtn,Norm,Norm,TwnhsE,1Story,8,5,2003,2003,Hip,CompShg,VinylSd,VinylSd,BrkFace,72.0,Gd,TA,PConc,Gd,TA,Gd,GLQ,1084.0,Unf,0.0,322.0,1406.0,GasA,Ex,Y,SBrkr,1589,0,0,1589,1.0,0.0,2,0,2,1,Gd,7,Typ,1,TA,Attchd,2003.0,Fin,3.0,630.0,TA,TA,Y,143,20,0,0,0,0,,,,0,11,2007,WD ,226500,True
562,532378120,20,RL,60.0,8281,Pave,,IR1,Lvl,AllPub,Inside,Gtl,Sawyer,Norm,Norm,1Fam,1Story,5,5,1965,1965,Gable,CompShg,MetalSd,MetalSd,None,0.0,TA,TA,CBlock,TA,TA,No,Rec,553.0,BLQ,311.0,0.0,864.0,GasA,Gd,Y,SBrkr,864,0,0,864,0.0,0.0,1,0,3,1,TA,5,Typ,1,Po,Detchd,1965.0,Unf,1.0,360.0,TA,TA,Y,0,0,236,0,0,0,,GdWo,,0,12,2009,WD ,62383,True
2930,924151050,60,RL,74.0,9627,Pave,,Reg,Lvl,AllPub,Inside,Mod,Mitchel,Norm,Norm,1Fam,2Story,7,5,1993,1994,Gable,CompShg,HdBoard,HdBoard,BrkFace,94.0,TA,TA,PConc,Gd,TA,Av,LwQ,758.0,Unf,0.0,238.0,996.0,GasA,Ex,Y,SBrkr,996,1004,0,2000,0.0,0.0,2,1,3,1,TA,9,Typ,1,TA,Attchd,1993.0,Fin,3.0,650.0,TA,TA,Y,190,48,0,0,0,0,,,,0,11,2006,WD ,188000,True
635,535175030,20,RL,80.0,9600,Pave,,Reg,Lvl,AllPub,Inside,Gtl,NAmes,Feedr,Norm,1Fam,1Story,6,6,1958,1988,Hip,CompShg,Wd Sdng,Wd Sdng,BrkCmn,183.0,TA,TA,CBlock,TA,TA,No,Rec,620.0,LwQ,620.0,0.0,1240.0,GasA,Gd,Y,SBrkr,1632,0,0,1632,1.0,0.0,2,0,3,1,TA,6,Min1,1,Gd,Attchd,1958.0,RFn,1.0,338.0,TA,TA,Y,289,0,0,0,0,0,,MnPrv,,0,4,2009,WD ,139000,True
2487,532351090,90,RM,70.0,9100,Pave,,Reg,Lvl,AllPub,Inside,Gtl,Sawyer,RRAe,Norm,Duplex,1Story,5,5,1963,1963,Gable,CompShg,HdBoard,HdBoard,BrkFace,336.0,TA,TA,CBlock,TA,TA,No,Rec,1332.0,Unf,0.0,396.0,1728.0,GasA,TA,Y,SBrkr,1728,0,0,1728,1.0,0.0,2,0,6,2,TA,10,Typ,0,,Detchd,1963.0,Unf,2.0,504.0,TA,TA,Y,0,0,0,0,0,0,,,,0,11,2006,ConLI,125000,True
2689,903430090,50,RM,59.0,5310,Pave,,Reg,Lvl,AllPub,Corner,Gtl,OldTown,Feedr,Norm,1Fam,1.5Fin,6,8,1910,2003,Hip,CompShg,VinylSd,VinylSd,None,0.0,TA,Gd,CBlock,TA,Fa,No,Unf,0.0,Unf,0.0,485.0,485.0,GasA,Gd,Y,SBrkr,1001,634,0,1635,0.0,0.0,1,0,2,1,Gd,5,Typ,0,,Attchd,1950.0,Unf,1.0,255.0,Fa,TA,Y,394,0,0,0,0,0,,,,0,6,2006,WD ,117000,True
1366,903458110,50,RM,,7920,Pave,Grvl,IR1,Lvl,AllPub,Inside,Gtl,IDOTRR,Artery,Norm,1Fam,1.5Fin,6,7,1920,1950,Gable,CompShg,MetalSd,MetalSd,None,0.0,TA,Fa,CBlock,TA,TA,No,Unf,0.0,Unf,0.0,319.0,319.0,GasA,TA,Y,FuseA,1035,371,0,1406,0.0,0.0,1,0,3,1,Fa,6,Typ,0,,,,,0.0,0.0,,,N,0,144,0,0,0,0,,MnPrv,,0,3,2008,WD ,89500,True
1380,905104080,20,RL,,7162,Pave,,IR1,Lvl,AllPub,Inside,Gtl,Sawyer,Norm,Norm,1Fam,1Story,5,7,1966,1966,Gable,CompShg,HdBoard,HdBoard,BrkCmn,41.0,TA,TA,PConc,TA,TA,No,Unf,0.0,Unf,0.0,876.0,876.0,GasA,TA,Y,SBrkr,904,0,0,904,0.0,0.0,1,0,3,1,TA,6,Typ,0,,Attchd,1966.0,Unf,1.0,408.0,TA,TA,Y,0,0,0,0,0,0,,MnPrv,,0,12,2008,WD ,109900,True
247,906204230,60,RL,87.0,12361,Pave,,IR1,Lvl,AllPub,CulDSac,Gtl,SawyerW,Norm,Norm,1Fam,2Story,6,7,1993,1993,Gable,CompShg,VinylSd,VinylSd,BrkFace,85.0,Gd,Gd,PConc,Gd,TA,No,GLQ,860.0,Unf,0.0,86.0,946.0,GasA,Ex,Y,SBrkr,964,838,0,1802,0.0,1.0,2,1,3,1,Gd,8,Typ,1,Gd,2Types,2000.0,RFn,4.0,1017.0,TA,TA,Y,450,92,0,0,0,0,,,,0,5,2010,WD ,218000,True
2779,907192010,60,RL,95.0,13450,Pave,,IR1,Lvl,AllPub,Corner,Gtl,CollgCr,Norm,Norm,1Fam,2Story,7,5,2002,2002,Gable,CompShg,VinylSd,VinylSd,None,0.0,Gd,TA,PConc,Gd,TA,No,GLQ,700.0,Unf,0.0,216.0,916.0,GasA,Ex,Y,SBrkr,920,941,0,1861,1.0,0.0,2,1,3,1,Gd,8,Typ,0,,BuiltIn,2002.0,RFn,2.0,492.0,TA,TA,Y,146,91,0,0,0,0,,,,0,6,2006,WD ,200000,True
538,531369020,20,RL,76.0,10141,Pave,,IR1,Lvl,AllPub,Inside,Gtl,SawyerW,Norm,Norm,1Fam,1Story,8,5,2004,2004,Gable,Tar&Grv,VinylSd,VinylSd,BrkFace,264.0,Gd,TA,PConc,Gd,TA,Gd,BLQ,516.0,Rec,774.0,222.0,1512.0,GasA,Ex,Y,SBrkr,1512,0,0,1512,0.0,0.0,2,0,3,1,Gd,6,Typ,0,,Attchd,2004.0,RFn,3.0,845.0,TA,TA,Y,210,36,0,0,0,0,,,,0,1,2009,WD ,203000,True
2207,909254140,30,RL,40.0,4280,Pave,,Reg,Lvl,AllPub,Inside,Gtl,Crawfor,Norm,Norm,1Fam,1Story,5,6,1913,2002,Gable,CompShg,WdShing,Stucco,None,0.0,TA,TA,PConc,TA,TA,No,LwQ,365.0,Unf,0.0,75.0,440.0,GasA,TA,N,SBrkr,694,0,0,694,0.0,0.0,1,0,2,1,Gd,4,Typ,1,Gd,Detchd,1990.0,Unf,1.0,352.0,Gd,TA,P,0,0,34,0,0,0,,MnPrv,,0,3,2007,WD ,90350,True
2205,909254100,70,RL,53.0,7155,Pave,,Reg,Lvl,AllPub,Inside,Gtl,Crawfor,Norm,Norm,1Fam,2Story,6,8,1926,1991,Gable,CompShg,Wd Sdng,Wd Sdng,None,0.0,TA,TA,BrkTil,TA,TA,No,Unf,0.0,Unf,0.0,686.0,686.0,GasA,TA,Y,SBrkr,686,775,0,1461,0.0,0.0,1,0,3,1,TA,6,Typ,1,Gd,Detchd,1926.0,Unf,1.0,225.0,TA,TA,N,0,0,116,0,0,0,,MnPrv,,0,7,2007,WD ,135000,True
1176,533236060,160,FV,24.0,2645,Pave,Pave,Reg,Lvl,AllPub,Inside,Gtl,Somerst,Norm,Norm,Twnhs,2Story,8,5,1999,1999,Gable,CompShg,MetalSd,MetalSd,BrkFace,466.0,Gd,TA,PConc,Gd,TA,No,GLQ,612.0,Unf,0.0,348.0,960.0,GasA,Ex,Y,SBrkr,962,624,0,1586,1.0,0.0,2,1,3,1,Gd,7,Typ,0,,Detchd,1999.0,Unf,2.0,480.0,TA,TA,Y,169,0,0,0,0,0,,,,0,12,2008,WD ,170000,True
1053,528104050,20,RL,114.0,14803,Pave,,Reg,Lvl,AllPub,Inside,Gtl,NridgHt,PosN,PosN,1Fam,1Story,10,5,2007,2008,Hip,CompShg,CemntBd,CmentBd,BrkFace,816.0,Ex,TA,PConc,Ex,TA,Av,GLQ,1636.0,Unf,0.0,442.0,2078.0,GasA,Ex,Y,SBrkr,2084,0,0,2084,1.0,0.0,2,0,2,1,Ex,7,Typ,1,Gd,Attchd,2007.0,Fin,3.0,1220.0,TA,TA,Y,188,45,0,0,0,0,,,,0,6,2008,New,385000,True
207,903454060,190,RM,70.0,5600,Pave,,Reg,Lvl,AllPub,Inside,Gtl,IDOTRR,Norm,Norm,2fmCon,2Story,4,5,1930,1950,Hip,CompShg,VinylSd,Wd Shng,None,0.0,Fa,Fa,Slab,,,,,0.0,,0.0,0.0,0.0,GasA,Fa,N,SBrkr,372,720,0,1092,0.0,0.0,2,0,3,2,Fa,7,Mod,0,,,,,0.0,0.0,,,N,0,0,0,0,0,0,,,Othr,3500,7,2010,WD ,55000,True
2269,916455110,80,RL,73.0,9590,Pave,,IR1,Lvl,AllPub,Corner,Gtl,Timber,Norm,Norm,1Fam,SLvl,7,5,2003,2003,Gable,CompShg,VinylSd,VinylSd,BrkFace,442.0,Gd,TA,PConc,Ex,TA,Av,GLQ,786.0,Unf,0.0,82.0,868.0,GasA,Ex,Y,SBrkr,1146,0,0,1146,1.0,0.0,2,0,3,1,Gd,6,Typ,1,Gd,Attchd,2003.0,Fin,2.0,438.0,TA,TA,Y,160,22,0,0,0,0,,,,0,5,2007,WD ,187500,True
891,908152100,80,RL,72.0,7200,Pave,,Reg,Lvl,AllPub,Inside,Gtl,Edwards,Norm,Norm,1Fam,SLvl,6,6,1976,1976,Hip,CompShg,MetalSd,MetalSd,BrkFace,255.0,TA,TA,CBlock,TA,TA,Av,ALQ,631.0,Unf,0.0,410.0,1041.0,GasA,Ex,Y,SBrkr,1125,0,0,1125,1.0,0.0,1,0,3,1,TA,6,Typ,1,Fa,Detchd,1977.0,Unf,1.0,352.0,TA,TA,Y,296,0,0,0,0,0,,GdWo,,0,10,2009,WD ,125000,True
612,534426110,20,RL,80.0,9600,Pave,,Reg,Lvl,AllPub,Corner,Gtl,NAmes,Norm,Norm,1Fam,1Story,5,6,1959,1959,Gable,CompShg,MetalSd,MetalSd,BrkFace,132.0,TA,TA,CBlock,TA,TA,No,ALQ,991.0,Unf,0.0,50.0,1041.0,GasA,Ex,Y,SBrkr,1041,0,0,1041,1.0,0.0,1,0,3,1,TA,6,Typ,0,,Attchd,1959.0,RFn,1.0,270.0,TA,TA,Y,224,88,0,0,0,0,,MnPrv,,0,7,2009,WD ,124500,True
1661,527359160,80,RL,64.0,8991,Pave,,IR1,Lvl,AllPub,CulDSac,Gtl,NWAmes,PosN,Norm,1Fam,SLvl,7,6,1976,1976,Gable,CompShg,Plywood,Plywood,Stone,130.0,TA,TA,CBlock,Gd,TA,Gd,GLQ,624.0,Rec,604.0,0.0,1228.0,GasA,TA,Y,SBrkr,1324,0,0,1324,0.0,1.0,2,0,3,1,Gd,5,Typ,1,Fa,Attchd,1976.0,Fin,2.0,585.0,TA,TA,Y,407,36,0,0,0,0,,,,0,2,2007,WD ,174000,True
2544,534276230,90,RL,70.0,8393,Pave,,Reg,Lvl,AllPub,Corner,Gtl,NAmes,Norm,Norm,Duplex,1Story,5,5,1959,2005,Gable,CompShg,MetalSd,MetalSd,BrkFace,122.0,TA,TA,CBlock,TA,TA,No,LwQ,528.0,Unf,0.0,1098.0,1626.0,GasA,Ex,Y,SBrkr,1712,0,0,1712,0.0,0.0,2,0,4,2,TA,8,Typ,0,,Attchd,2005.0,Fin,2.0,588.0,TA,TA,Y,272,54,0,0,0,0,,,,0,6,2006,WD ,145000,True
1386,905200090,90,RL,60.0,12900,Pave,,Reg,Lvl,AllPub,Inside,Gtl,Sawyer,Feedr,Norm,Duplex,SFoyer,4,4,1969,1969,Gable,CompShg,Plywood,Plywood,None,0.0,TA,TA,CBlock,Gd,TA,Av,GLQ,1198.0,Unf,0.0,0.0,1198.0,GasA,TA,Y,SBrkr,1258,0,0,1258,2.0,0.0,0,2,0,2,TA,6,Typ,0,,CarPort,1969.0,Unf,2.0,400.0,Fa,TA,Y,120,0,0,0,0,0,,,,0,1,2008,WD ,108959,True
1585,916460060,20,RL,,7915,Pave,,IR1,Lvl,AllPub,Inside,Gtl,Timber,Norm,Norm,1Fam,1Story,6,5,1999,2000,Hip,CompShg,VinylSd,VinylSd,None,0.0,Gd,TA,PConc,Ex,TA,Mn,GLQ,1223.0,Unf,0.0,443.0,1666.0,GasA,Ex,Y,SBrkr,1675,0,0,1675,1.0,0.0,2,0,3,1,Gd,6,Typ,0,,Attchd,1999.0,RFn,2.0,435.0,TA,TA,Y,165,52,0,0,0,0,,,,0,12,2008,WD ,195000,True
965,916403250,80,RL,125.0,14419,Pave,,IR1,Lvl,AllPub,Corner,Gtl,Timber,Norm,Norm,1Fam,SLvl,7,5,1987,1989,Hip,CompShg,Plywood,Plywood,BrkFace,310.0,TA,TA,PConc,Gd,TA,Gd,GLQ,904.0,ALQ,624.0,117.0,1645.0,GasA,Ex,Y,SBrkr,1479,0,0,1479,2.0,0.0,2,1,3,1,Gd,7,Min1,1,Fa,Attchd,1987.0,Fin,2.0,578.0,TA,TA,Y,224,238,0,0,0,0,,,,0,7,2009,WD ,213500,True
789,905450020,20,RL,73.0,9855,Pave,,Reg,Lvl,AllPub,Corner,Gtl,Edwards,Norm,Norm,1Fam,1Story,6,5,1956,1956,Hip,CompShg,Wd Sdng,Wd Sdng,None,0.0,TA,TA,CBlock,TA,TA,No,Unf,0.0,Unf,0.0,1436.0,1436.0,GasA,Fa,Y,SBrkr,1689,0,0,1689,0.0,0.0,1,0,3,1,TA,7,Typ,1,Gd,Attchd,1956.0,Unf,2.0,480.0,TA,TA,Y,0,0,0,0,0,0,,MnPrv,,0,11,2009,COD,127500,True
1313,902304060,190,RM,60.0,9600,Pave,Grvl,Reg,Lvl,AllPub,Inside,Gtl,OldTown,Norm,Norm,2fmCon,2Story,5,5,1920,1960,Gable,CompShg,AsbShng,AsbShng,None,0.0,TA,TA,BrkTil,TA,TA,No,Rec,234.0,Unf,0.0,739.0,973.0,GasA,TA,Y,FuseP,1377,973,0,2350,0.0,0.0,2,0,4,2,TA,10,Typ,0,,2Types,1930.0,Unf,2.0,393.0,TA,TA,Y,0,0,219,0,0,0,,,,0,4,2008,WD ,130000,True
133,534476260,80,RL,80.0,9600,Pave,,Reg,Lvl,AllPub,Inside,Gtl,NAmes,Norm,Norm,1Fam,SLvl,6,6,1955,1972,Gable,CompShg,AsbShng,AsbShng,BrkFace,164.0,TA,TA,CBlock,TA,TA,Av,BLQ,674.0,LwQ,132.0,350.0,1156.0,GasA,Ex,Y,SBrkr,1520,0,0,1520,1.0,0.0,1,0,3,1,TA,7,Typ,2,Gd,Basment,1955.0,RFn,1.0,364.0,TA,TA,Y,0,0,189,0,0,0,,,,0,3,2010,WD ,153000,True
1600,923228080,160,RM,21.0,1477,Pave,,Reg,Lvl,AllPub,Inside,Gtl,MeadowV,Norm,Norm,Twnhs,2Story,6,9,1970,2007,Gable,CompShg,CemntBd,CmentBd,None,0.0,TA,Gd,CBlock,TA,TA,No,GLQ,358.0,Unf,0.0,188.0,546.0,GasA,Ex,Y,SBrkr,546,546,0,1092,0.0,0.0,2,1,3,1,TA,6,Typ,0,,,,,0.0,0.0,,,Y,187,0,0,0,0,0,,,,0,3,2008,WD ,98000,True
871,907275090,20,RL,73.0,11883,Pave,,Reg,Lvl,AllPub,Inside,Gtl,CollgCr,Norm,Norm,1Fam,1Story,7,5,1996,1996,Hip,CompShg,VinylSd,VinylSd,BrkFace,196.0,Gd,TA,PConc,Gd,TA,Gd,GLQ,690.0,Unf,0.0,814.0,1504.0,GasA,Ex,Y,SBrkr,1504,0,0,1504,1.0,0.0,2,0,3,1,Gd,6,Typ,1,TA,Attchd,1996.0,Fin,2.0,478.0,TA,TA,Y,115,66,0,0,0,0,,,,0,6,2009,WD ,203000,True
1970,535476360,60,RL,80.0,9760,Pave,,Reg,Lvl,AllPub,Inside,Mod,NAmes,Norm,Norm,1Fam,2Story,6,8,1964,1993,Hip,CompShg,Wd Sdng,Wd Sdng,BrkFace,340.0,TA,TA,CBlock,TA,TA,Gd,BLQ,536.0,Rec,117.0,169.0,822.0,GasA,Gd,Y,SBrkr,1020,831,0,1851,0.0,0.0,2,1,3,1,Gd,7,Typ,1,Fa,Attchd,1964.0,RFn,2.0,440.0,TA,TA,Y,239,42,0,0,0,0,,MnWw,,0,7,2007,WD ,187000,True
249,906225210,85,RL,73.0,9069,Pave,,Reg,Lvl,AllPub,Inside,Gtl,SawyerW,Norm,Norm,1Fam,SFoyer,6,6,1992,1992,Gable,CompShg,HdBoard,HdBoard,None,0.0,TA,TA,PConc,Gd,TA,Av,GLQ,747.0,Unf,0.0,189.0,936.0,GasA,Ex,Y,SBrkr,996,0,0,996,1.0,0.0,1,0,2,1,Gd,5,Typ,0,,Attchd,1992.0,Unf,2.0,564.0,TA,TA,Y,120,0,0,0,0,0,,,,0,4,2010,WD ,147000,True
696,902103170,50,RM,52.0,5720,Pave,,Reg,Lvl,AllPub,Inside,Gtl,OldTown,Artery,Norm,1Fam,1.5Fin,5,6,1941,1950,Gable,CompShg,Wd Sdng,Wd Sdng,None,0.0,TA,TA,CBlock,TA,TA,No,Unf,0.0,Unf,0.0,676.0,676.0,GasA,Ex,Y,SBrkr,676,455,0,1131,0.0,0.0,1,1,3,1,TA,5,Typ,0,,Detchd,1941.0,Unf,1.0,200.0,TA,TA,Y,26,0,0,0,0,0,,,,0,8,2009,WD ,66500,True
2106,906380140,60,RL,85.0,11103,Pave,,IR1,Lvl,AllPub,Corner,Gtl,CollgCr,Norm,Norm,1Fam,2Story,7,5,2006,2006,Gable,CompShg,VinylSd,VinylSd,None,0.0,Gd,TA,PConc,Gd,TA,No,Unf,0.0,Unf,0.0,728.0,728.0,GasA,Ex,Y,SBrkr,728,728,0,1456,0.0,0.0,2,1,3,1,Gd,8,Typ,1,TA,Attchd,2006.0,Fin,2.0,440.0,TA,TA,Y,0,0,0,0,0,0,,,,0,7,2007,New,155835,True
901,908275110,20,RL,70.0,11767,Pave,,Reg,Lvl,AllPub,Inside,Gtl,Edwards,Norm,Norm,1Fam,1Story,5,5,1956,1956,Hip,CompShg,HdBoard,HdBoard,BrkFace,259.0,TA,TA,CBlock,TA,TA,No,Rec,546.0,Unf,0.0,604.0,1150.0,GasA,Ex,Y,SBrkr,1560,0,0,1560,0.0,0.0,1,0,2,1,TA,7,Min1,1,TA,Attchd,1956.0,Unf,1.0,313.0,TA,TA,Y,0,0,0,0,0,0,,,,0,5,2009,WD ,103500,True
2830,908188120,160,RM,24.0,2522,Pave,,Reg,Lvl,AllPub,Inside,Gtl,Edwards,Norm,Norm,Twnhs,2Story,7,5,2004,2004,Gable,CompShg,VinylSd,VinylSd,Stone,50.0,Gd,TA,PConc,Gd,TA,No,Unf,0.0,Unf,0.0,970.0,970.0,GasA,Ex,Y,SBrkr,970,739,0,1709,0.0,0.0,2,0,3,1,Gd,7,Maj1,0,,Detchd,2004.0,Unf,2.0,380.0,TA,TA,Y,0,40,0,0,0,0,,,,0,5,2006,WD ,130000,True
2238,910202030,30,RM,46.0,3672,Pave,,Reg,Lvl,AllPub,Inside,Gtl,IDOTRR,Artery,Norm,1Fam,1Story,5,7,1922,1950,Gable,CompShg,Stucco,Stucco,None,0.0,TA,TA,BrkTil,TA,TA,No,Unf,0.0,Unf,0.0,816.0,816.0,GasA,Ex,Y,SBrkr,816,0,0,816,0.0,0.0,1,0,2,1,TA,5,Typ,0,,Detchd,1922.0,Unf,1.0,100.0,Fa,Fa,N,0,0,96,0,0,0,,,,0,9,2007,WD ,75200,True
559,532376070,20,RL,,9316,Pave,,IR1,Lvl,AllPub,Inside,Gtl,Sawyer,Norm,Norm,1Fam,1Story,5,5,1965,1965,Gable,CompShg,HdBoard,Plywood,None,0.0,TA,TA,CBlock,TA,TA,No,Rec,544.0,Unf,0.0,480.0,1024.0,GasA,Gd,Y,SBrkr,1020,0,0,1020,0.0,0.0,2,0,3,1,TA,5,Typ,0,,Attchd,1965.0,Unf,1.0,288.0,TA,TA,Y,171,0,0,0,0,0,,MnPrv,,0,5,2009,Oth,124100,True
1203,534252090,85,RL,,12122,Pave,,IR1,Lvl,AllPub,Corner,Gtl,NAmes,Norm,Norm,1Fam,SFoyer,7,9,1961,2007,Gable,CompShg,CemntBd,CmentBd,Stone,210.0,Ex,TA,CBlock,TA,TA,Av,ALQ,867.0,Unf,0.0,77.0,944.0,GasA,Gd,Y,SBrkr,999,0,0,999,1.0,0.0,1,0,3,1,Ex,6,Typ,0,,Attchd,1961.0,RFn,2.0,588.0,TA,TA,Y,144,76,0,0,0,0,,,,0,7,2008,WD ,178400,True
535,531363030,20,RL,63.0,7500,Pave,,Reg,Lvl,AllPub,Inside,Gtl,SawyerW,Norm,Norm,1Fam,1Story,7,5,2006,2006,Gable,CompShg,VinylSd,VinylSd,None,0.0,Gd,TA,PConc,Gd,Gd,No,GLQ,54.0,Unf,0.0,1087.0,1141.0,GasA,Ex,Y,SBrkr,1141,0,0,1141,1.0,0.0,1,1,3,1,Gd,6,Typ,0,,Detchd,2006.0,RFn,2.0,484.0,TA,TA,Y,182,0,0,0,0,0,,,,0,6,2009,WD ,152000,True
999,527107210,60,RL,57.0,21872,Pave,,IR2,HLS,AllPub,FR2,Gtl,Gilbert,Norm,Norm,1Fam,2Story,7,5,1996,1997,Gable,CompShg,HdBoard,HdBoard,None,0.0,TA,TA,PConc,Gd,TA,Gd,GLQ,604.0,Unf,0.0,125.0,729.0,GasA,Ex,Y,SBrkr,729,717,0,1446,0.0,1.0,2,1,3,1,TA,6,Typ,1,TA,Attchd,1996.0,Unf,2.0,406.0,TA,TA,Y,264,22,0,0,0,0,,,,0,8,2008,WD ,175000,True
1400,905352030,60,RL,83.0,10005,Pave,,Reg,Lvl,AllPub,Inside,Gtl,ClearCr,Norm,Norm,1Fam,2Story,7,5,1977,1977,Hip,CompShg,Plywood,Plywood,BrkFace,299.0,TA,TA,CBlock,Gd,TA,No,BLQ,392.0,Unf,0.0,768.0,1160.0,GasA,Ex,Y,SBrkr,1156,866,0,2022,0.0,0.0,2,1,4,1,TA,8,Typ,1,TA,Attchd,1977.0,Fin,2.0,505.0,TA,TA,Y,288,117,0,0,0,0,,,,0,3,2008,WD ,192000,True
1994,902302150,190,RM,85.0,13600,Pave,Grvl,Reg,Lvl,AllPub,Inside,Gtl,OldTown,Norm,Norm,2fmCon,2Story,5,5,1900,1950,Gable,CompShg,Wd Sdng,Wd Sdng,None,0.0,TA,TA,BrkTil,TA,TA,No,Unf,0.0,Unf,0.0,662.0,662.0,GasA,TA,N,SBrkr,1422,915,0,2337,0.0,0.0,2,0,5,2,TA,10,Min2,0,,Detchd,1945.0,Unf,2.0,560.0,TA,TA,Y,0,57,0,0,0,0,,,,0,9,2007,WD ,90000,True
2230,909475070,20,RL,,32668,Pave,,IR1,Lvl,AllPub,CulDSac,Gtl,Crawfor,Norm,Norm,1Fam,1Story,6,3,1957,1975,Hip,CompShg,Wd Sdng,Stone,,,Gd,TA,PConc,TA,TA,No,Rec,1219.0,Unf,0.0,816.0,2035.0,GasA,TA,Y,SBrkr,2515,0,0,2515,1.0,0.0,3,0,4,2,TA,9,Maj1,2,TA,Attchd,1975.0,RFn,2.0,484.0,TA,TA,Y,0,0,200,0,0,0,,,,0,3,2007,WD ,200624,True
2803,907290160,120,RM,37.0,4435,Pave,,Reg,Lvl,AllPub,Inside,Gtl,CollgCr,Norm,Norm,TwnhsE,1Story,6,5,2003,2003,Gable,CompShg,VinylSd,VinylSd,BrkFace,170.0,Gd,TA,PConc,Gd,TA,Av,GLQ,717.0,Unf,0.0,131.0,848.0,GasA,Ex,Y,SBrkr,848,0,0,848,1.0,0.0,1,0,1,1,Gd,4,Typ,0,,Attchd,2003.0,Fin,2.0,420.0,TA,TA,Y,140,0,0,0,0,0,,,,0,4,2006,WD ,133000,True
1123,528462040,20,FV,95.0,11639,Pave,,Reg,Lvl,AllPub,Corner,Gtl,Somerst,Norm,Norm,1Fam,1Story,7,5,2007,2008,Gable,CompShg,CemntBd,CmentBd,,,Gd,TA,PConc,Gd,TA,No,Unf,0.0,Unf,0.0,1428.0,1428.0,GasA,Ex,Y,SBrkr,1428,0,0,1428,0.0,0.0,2,0,3,1,Gd,6,Typ,0,,Attchd,2007.0,Fin,2.0,480.0,TA,TA,Y,0,120,0,0,0,0,,,,0,12,2008,New,182000,True
392,527378140,80,RL,,10448,Pave,,IR1,Lvl,AllPub,Corner,Gtl,NWAmes,Norm,Norm,1Fam,SLvl,6,6,1972,1972,Gable,CompShg,HdBoard,HdBoard,BrkFace,333.0,TA,TA,CBlock,TA,TA,No,Unf,0.0,Unf,0.0,689.0,689.0,GasA,TA,Y,SBrkr,1378,741,0,2119,0.0,0.0,2,1,3,1,TA,7,Typ,1,TA,Attchd,1972.0,RFn,2.0,583.0,TA,TA,Y,0,104,0,0,0,0,,GdPrv,,0,8,2009,COD,158000,True
281,908203100,20,RL,64.0,6410,Pave,,Reg,HLS,AllPub,Inside,Gtl,Edwards,Norm,Norm,1Fam,1Story,4,5,1958,1958,Hip,CompShg,WdShing,Wd Shng,None,0.0,TA,TA,CBlock,TA,TA,No,Unf,0.0,Unf,0.0,960.0,960.0,GasA,Ex,Y,SBrkr,960,0,0,960,0.0,0.0,1,0,3,1,TA,5,Typ,0,,,,,0.0,0.0,,,Y,0,0,0,0,0,0,,MnPrv,,0,5,2010,WD ,90000,True
1499,908154235,60,RL,313.0,63887,Pave,,IR3,Bnk,AllPub,Corner,Gtl,Edwards,Feedr,Norm,1Fam,2Story,10,5,2008,2008,Hip,ClyTile,Stucco,Stucco,Stone,796.0,Ex,TA,PConc,Ex,TA,Gd,GLQ,5644.0,Unf,0.0,466.0,6110.0,GasA,Ex,Y,SBrkr,4692,950,0,5642,2.0,0.0,2,1,3,1,Ex,12,Typ,3,Gd,Attchd,2008.0,Fin,2.0,1418.0,TA,TA,Y,214,292,0,0,0,480,Gd,,,0,1,2008,New,160000,True
2294,923229100,80,RL,,15957,Pave,,IR1,Low,AllPub,Corner,Mod,Mitchel,Norm,Norm,1Fam,SLvl,6,6,1977,1977,Gable,CompShg,HdBoard,Plywood,None,0.0,TA,TA,PConc,Gd,TA,Gd,GLQ,1148.0,Unf,0.0,96.0,1244.0,GasA,TA,Y,SBrkr,1356,0,0,1356,2.0,0.0,2,0,3,1,TA,6,Typ,1,TA,Attchd,1977.0,Fin,2.0,528.0,TA,TA,Y,1424,0,0,0,0,0,,MnPrv,,0,9,2007,WD ,188000,True
1903,534450110,20,RL,50.0,5000,Pave,,Reg,Lvl,AllPub,Inside,Gtl,BrkSide,Norm,Norm,1Fam,1Story,3,3,1946,1950,Gable,CompShg,WdShing,Wd Shng,None,0.0,Fa,Fa,CBlock,Fa,Fa,No,LwQ,299.0,Unf,0.0,367.0,666.0,GasA,Fa,N,SBrkr,666,0,0,666,0.0,1.0,1,0,2,1,Gd,4,Typ,0,,,,,0.0,0.0,,,N,0,52,0,0,0,0,,MnPrv,,0,4,2007,WD ,64500,True
962,916386140,20,RL,73.0,8925,Pave,,IR1,HLS,AllPub,Inside,Gtl,Timber,Norm,Norm,1Fam,1Story,8,5,2007,2007,Gable,CompShg,VinylSd,VinylSd,None,0.0,Gd,TA,PConc,Gd,TA,Av,GLQ,16.0,Unf,0.0,1450.0,1466.0,GasA,Ex,Y,SBrkr,1466,0,0,1466,0.0,0.0,2,0,3,1,Gd,7,Typ,0,,Attchd,2007.0,Fin,3.0,610.0,TA,TA,Y,100,18,0,0,0,0,,,,0,7,2009,WD ,201000,True
2142,907203110,20,RL,120.0,10356,Pave,,Reg,Lvl,AllPub,Corner,Gtl,CollgCr,Norm,Norm,1Fam,1Story,5,6,1975,1975,Gable,CompShg,HdBoard,HdBoard,None,0.0,TA,TA,CBlock,TA,TA,Av,BLQ,716.0,Unf,0.0,253.0,969.0,GasA,TA,Y,SBrkr,969,0,0,969,0.0,0.0,1,1,3,1,TA,5,Typ,0,,Attchd,1975.0,Unf,2.0,440.0,TA,TA,Y,0,0,0,0,0,0,,MnPrv,,0,1,2007,WD ,122000,True
772,905103070,20,RL,75.0,11625,Pave,,Reg,Lvl,AllPub,Inside,Gtl,Sawyer,Norm,Norm,1Fam,1Story,5,6,1967,1967,Hip,CompShg,HdBoard,HdBoard,BrkFace,172.0,TA,TA,CBlock,TA,TA,No,BLQ,527.0,Unf,0.0,525.0,1052.0,GasA,TA,Y,SBrkr,1052,0,0,1052,0.0,0.0,1,1,3,1,TA,6,Typ,1,Po,Attchd,1984.0,Fin,1.0,668.0,TA,TA,Y,0,215,0,0,0,0,,,,0,4,2009,WD ,113500,True
2907,923203100,120,RM,32.0,4500,Pave,,Reg,Lvl,AllPub,FR2,Gtl,Mitchel,Norm,Norm,TwnhsE,1Story,6,5,1998,1998,Hip,CompShg,VinylSd,VinylSd,BrkFace,443.0,TA,Gd,PConc,Ex,Gd,No,GLQ,1201.0,Unf,0.0,36.0,1237.0,GasA,Ex,Y,SBrkr,1337,0,0,1337,1.0,0.0,2,0,2,1,TA,5,Typ,0,,Attchd,1998.0,Fin,2.0,405.0,TA,TA,Y,0,199,0,0,0,0,,,,0,3,2006,WD ,153500,True
1306,902207120,20,RM,103.0,12205,Pave,,Reg,Lvl,AllPub,Inside,Gtl,OldTown,Norm,Norm,1Fam,1Story,3,1,1949,1992,Gable,CompShg,MetalSd,MetalSd,None,0.0,TA,TA,BrkTil,Fa,Fa,No,Unf,0.0,Unf,0.0,448.0,448.0,GasA,Gd,Y,SBrkr,1588,0,0,1588,0.0,0.0,2,0,5,1,TA,6,Maj2,0,,,,,0.0,0.0,,,N,0,0,0,0,0,0,,MnPrv,,0,12,2008,WD ,65000,True
2189,908228010,40,RL,62.0,10042,Pave,,Reg,Bnk,AllPub,Corner,Gtl,Edwards,Norm,Norm,1Fam,1.5Fin,6,8,1920,1995,Gable,CompShg,Wd Sdng,Wd Sdng,None,0.0,TA,TA,BrkTil,TA,TA,No,LwQ,144.0,ALQ,278.0,238.0,660.0,GasA,TA,Y,SBrkr,740,125,0,865,1.0,0.0,1,0,2,1,TA,4,Typ,1,Gd,Detchd,1920.0,Unf,1.0,216.0,TA,TA,Y,0,0,84,0,0,0,,,,0,8,2007,WD ,108500,True
573,533223030,160,FV,35.0,3768,Pave,,Reg,Lvl,AllPub,FR2,Gtl,Somerst,Norm,Norm,TwnhsE,2Story,7,5,1999,1999,Hip,CompShg,MetalSd,MetalSd,BrkFace,218.0,Gd,TA,PConc,Gd,TA,No,GLQ,549.0,Unf,0.0,142.0,691.0,GasA,Ex,Y,SBrkr,713,739,0,1452,1.0,0.0,2,1,3,1,Gd,6,Typ,0,,Detchd,1999.0,Unf,2.0,506.0,TA,TA,Y,0,34,0,0,0,0,,,,0,9,2009,WD ,156000,True
1929,535181140,20,RL,70.0,12198,Pave,,IR1,Lvl,AllPub,Inside,Gtl,NAmes,Norm,Norm,1Fam,1Story,5,6,1955,1975,Gable,CompShg,VinylSd,VinylSd,None,0.0,TA,TA,CBlock,TA,TA,Av,Rec,780.0,Unf,0.0,424.0,1204.0,GasA,TA,Y,SBrkr,1411,0,0,1411,0.0,0.0,1,0,3,1,TA,7,Typ,1,TA,Attchd,1955.0,RFn,1.0,310.0,TA,TA,Y,278,82,0,0,0,0,,,,0,6,2007,COD,130000,True
470,528228295,120,RL,51.0,3635,Pave,,Reg,Lvl,AllPub,Inside,Gtl,Blmngtn,Norm,Norm,TwnhsE,1Story,7,5,2007,2007,Hip,CompShg,VinylSd,VinylSd,BrkFace,130.0,Gd,TA,PConc,Gd,TA,No,ALQ,988.0,Unf,0.0,398.0,1386.0,GasA,Ex,Y,SBrkr,1569,0,0,1569,0.0,1.0,2,0,1,1,Gd,7,Typ,1,TA,Attchd,2007.0,RFn,3.0,660.0,TA,TA,Y,143,20,0,0,0,0,,,,0,5,2009,WD ,175900,True
1519,909175100,50,RL,60.0,8400,Pave,,Reg,Bnk,AllPub,Inside,Gtl,SWISU,Norm,Norm,1Fam,1.5Fin,6,5,1925,1950,Gable,CompShg,MetalSd,MetalSd,None,0.0,TA,TA,PConc,TA,TA,No,Rec,423.0,Unf,0.0,758.0,1181.0,GasA,Fa,Y,SBrkr,1390,304,0,1694,0.0,0.0,2,0,4,1,TA,7,Typ,1,Gd,Detchd,1925.0,Unf,2.0,576.0,TA,TA,Y,342,0,128,0,0,0,,,,0,6,2008,WD ,136500,True
709,902205010,30,RM,50.0,5925,Pave,,Reg,Lvl,AllPub,Corner,Gtl,OldTown,Norm,Norm,1Fam,1Story,2,4,1940,1950,Gable,CompShg,MetalSd,MetalSd,None,0.0,TA,Gd,BrkTil,,,,,0.0,,0.0,0.0,0.0,GasA,Fa,N,FuseA,612,0,0,612,0.0,0.0,1,0,1,1,TA,4,Typ,0,,Detchd,1965.0,Unf,1.0,308.0,TA,Fa,N,0,0,25,0,0,0,,,,0,10,2009,WD ,45000,True
887,908102290,20,RL,67.0,8877,Pave,,Reg,Lvl,AllPub,Inside,Mod,Edwards,Norm,Norm,1Fam,1Story,4,6,1938,1958,Gable,CompShg,MetalSd,MetalSd,None,0.0,TA,TA,CBlock,TA,TA,Mn,ALQ,690.0,Unf,0.0,126.0,816.0,GasA,Ex,Y,SBrkr,816,0,0,816,1.0,0.0,1,0,2,1,TA,3,Typ,1,Gd,Detchd,1958.0,Unf,1.0,288.0,Fa,Fa,Y,0,0,0,0,0,0,,,,0,5,2009,WD ,100000,True
1232,535105060,20,RL,80.0,8400,Pave,,Reg,Lvl,AllPub,Inside,Gtl,NAmes,Norm,Norm,1Fam,1Story,6,9,1962,2005,Gable,CompShg,Wd Sdng,Wd Sdng,BrkFace,237.0,Gd,Gd,CBlock,TA,TA,No,Unf,0.0,Unf,0.0,1319.0,1319.0,GasA,TA,Y,SBrkr,1537,0,0,1537,1.0,0.0,1,1,3,1,Gd,7,Typ,1,Gd,Attchd,1962.0,RFn,2.0,462.0,TA,TA,Y,0,36,0,0,0,0,,GdPrv,,0,7,2008,COD,174000,True
589,534129380,20,RL,75.0,9000,Pave,,Reg,Lvl,AllPub,Inside,Gtl,NWAmes,Feedr,Norm,1Fam,1Story,6,5,1969,1969,Gable,CompShg,HdBoard,HdBoard,BrkFace,200.0,TA,TA,CBlock,TA,TA,Av,BLQ,955.0,Unf,0.0,261.0,1216.0,GasA,TA,Y,SBrkr,1216,0,0,1216,1.0,0.0,1,0,3,1,TA,5,Typ,0,,Attchd,1969.0,Unf,1.0,336.0,TA,TA,Y,0,0,0,0,0,0,,MnPrv,,0,8,2009,WD ,113000,True
90,532479070,20,RL,39.0,15410,Pave,,IR1,Lvl,AllPub,CulDSac,Gtl,Sawyer,RRNe,Norm,1Fam,1Story,6,6,1974,2002,Hip,CompShg,Plywood,Plywood,BrkCmn,250.0,TA,Gd,CBlock,TA,TA,Gd,BLQ,126.0,GLQ,859.0,223.0,1208.0,GasA,Ex,Y,SBrkr,1494,0,0,1494,1.0,0.0,2,0,3,1,TA,7,Typ,2,Fa,Attchd,1974.0,Fin,2.0,461.0,TA,TA,Y,296,0,186,0,0,0,,GdPrv,,0,4,2010,WD ,169000,True
1605,923277030,20,RL,60.0,6600,Pave,,Reg,Lvl,AllPub,Inside,Gtl,Mitchel,Norm,Norm,1Fam,1Story,5,9,1982,2008,Gable,CompShg,VinylSd,VinylSd,None,0.0,Gd,Gd,CBlock,TA,TA,No,ALQ,641.0,Unf,0.0,175.0,816.0,GasA,Ex,Y,SBrkr,816,0,0,816,0.0,1.0,1,0,3,1,Gd,5,Typ,1,Ex,Attchd,1982.0,Unf,1.0,264.0,TA,TA,Y,0,0,0,0,0,0,,MnPrv,,0,10,2008,WD ,130500,True
1016,527276040,20,RL,,47280,Pave,,IR1,Lvl,AllPub,Inside,Gtl,Gilbert,Norm,Norm,1Fam,1Story,6,5,1950,1950,Hip,CompShg,AsbShng,AsbShng,BrkFace,44.0,TA,TA,CBlock,TA,TA,No,Unf,0.0,Unf,0.0,1488.0,1488.0,GasA,Gd,Y,SBrkr,1488,0,0,1488,0.0,0.0,2,1,3,1,TA,6,Typ,1,TA,Attchd,1950.0,RFn,2.0,738.0,TA,TA,Y,0,0,180,0,0,0,,,,0,7,2008,WD ,133000,True
419,527455240,20,RL,65.0,7150,Pave,,Reg,Lvl,AllPub,Inside,Gtl,NAmes,Norm,Norm,1Fam,1Story,5,5,1967,1967,Gable,CompShg,HdBoard,HdBoard,BrkFace,60.0,TA,TA,CBlock,TA,TA,No,BLQ,432.0,Unf,0.0,460.0,892.0,GasA,TA,Y,SBrkr,892,0,0,892,0.0,0.0,1,0,3,1,TA,5,Typ,0,,Attchd,1967.0,RFn,1.0,288.0,TA,TA,Y,0,0,0,0,0,0,,GdWo,,0,7,2009,WD ,100000,True
469,528228290,120,RL,53.0,3684,Pave,,Reg,Lvl,AllPub,Inside,Gtl,Blmngtn,Norm,Norm,TwnhsE,1Story,7,5,2007,2007,Hip,CompShg,VinylSd,VinylSd,BrkFace,130.0,Gd,TA,PConc,Gd,TA,No,Unf,0.0,Unf,0.0,1373.0,1373.0,GasA,Ex,Y,SBrkr,1555,0,0,1555,0.0,0.0,2,0,2,1,Gd,7,Typ,1,TA,Attchd,2007.0,Fin,3.0,660.0,TA,TA,Y,143,20,0,0,0,0,,,,0,6,2009,WD ,174000,True
1959,535450310,50,RL,78.0,10496,Pave,,Reg,Lvl,AllPub,Inside,Gtl,NAmes,Artery,Norm,1Fam,1.5Fin,6,6,1949,1950,Gable,CompShg,Wd Sdng,Wd Sdng,BrkFace,320.0,TA,TA,CBlock,TA,TA,Mn,Rec,196.0,Unf,0.0,844.0,1040.0,GasA,Ex,Y,SBrkr,1168,678,0,1846,0.0,0.0,2,0,3,1,TA,7,Typ,1,Gd,Attchd,1949.0,Unf,1.0,315.0,TA,TA,Y,0,0,0,0,0,0,,GdWo,,0,1,2007,WD ,143000,True
307,911204090,20,C (all),66.0,8712,Grvl,,Reg,Bnk,AllPub,Inside,Mod,IDOTRR,Norm,Norm,1Fam,1Story,5,5,1952,1952,Hip,CompShg,Wd Sdng,Wd Sdng,None,0.0,Fa,TA,CBlock,TA,TA,Av,Unf,0.0,Unf,0.0,540.0,540.0,GasA,TA,N,FuseA,1044,0,0,1044,0.0,0.0,1,0,2,1,Fa,4,Typ,0,,Basment,1952.0,Unf,2.0,504.0,TA,TA,N,0,0,0,0,0,0,,,Shed,54,6,2010,WD ,55993,True
180,902206220,50,RM,69.0,11851,Pave,,Reg,Lvl,AllPub,Inside,Gtl,OldTown,Artery,Norm,1Fam,1.5Fin,5,7,1948,2009,Gable,CompShg,VinylSd,VinylSd,None,0.0,TA,Gd,BrkTil,TA,TA,No,BLQ,780.0,Unf,0.0,247.0,1027.0,GasA,Ex,Y,SBrkr,1027,606,0,1633,0.0,0.0,1,0,3,1,Gd,7,Typ,1,Gd,Detchd,1948.0,Unf,1.0,240.0,TA,TA,Y,0,100,126,0,0,0,,,,0,6,2010,WD ,129000,True
502,528365070,60,RL,90.0,9900,Pave,,Reg,Low,AllPub,Inside,Mod,NoRidge,Norm,Norm,1Fam,2Story,7,5,1993,1993,Gable,CompShg,HdBoard,HdBoard,BrkFace,256.0,Gd,TA,PConc,Gd,TA,Gd,GLQ,987.0,Unf,0.0,360.0,1347.0,GasA,Ex,Y,SBrkr,1372,1274,0,2646,1.0,0.0,2,1,4,1,Gd,9,Typ,1,TA,Attchd,1993.0,RFn,3.0,656.0,TA,TA,Y,340,60,144,0,0,0,,,,0,4,2009,WD ,260000,True
1573,916325080,20,RL,,15498,Pave,,IR1,Lvl,AllPub,Corner,Gtl,Timber,Norm,Norm,1Fam,1Story,8,6,1976,1976,Hip,WdShake,Stone,HdBoard,None,0.0,Gd,TA,CBlock,Gd,TA,Av,ALQ,1165.0,LwQ,400.0,0.0,1565.0,GasA,TA,Y,SBrkr,2898,0,0,2898,1.0,0.0,2,0,2,1,Gd,10,Typ,1,Gd,Attchd,1976.0,Fin,2.0,665.0,TA,TA,Y,0,72,174,0,0,0,,,,0,5,2008,COD,287000,True
244,905478190,20,RL,60.0,11100,Pave,,Reg,Low,AllPub,Inside,Gtl,Edwards,Norm,Norm,1Fam,1Story,4,7,1946,2006,Gable,CompShg,MetalSd,MetalSd,None,0.0,TA,TA,CBlock,,,,,0.0,,0.0,0.0,0.0,GasA,Ex,Y,SBrkr,930,0,0,930,0.0,0.0,1,0,2,1,Gd,6,Typ,0,,Detchd,1946.0,Unf,1.0,308.0,TA,TA,Y,0,0,0,0,0,0,,,,0,4,2010,WD ,84900,True
1494,908128110,60,RL,60.0,6931,Pave,,Reg,Lvl,AllPub,Inside,Gtl,Edwards,Norm,Norm,1Fam,2Story,7,5,2003,2004,Gable,CompShg,VinylSd,VinylSd,Stone,92.0,Gd,TA,PConc,Gd,TA,No,Unf,0.0,Unf,0.0,746.0,746.0,GasA,Ex,Y,SBrkr,760,896,0,1656,0.0,0.0,2,1,3,1,Gd,7,Typ,1,Gd,BuiltIn,2003.0,Fin,2.0,397.0,TA,TA,Y,178,128,0,0,0,0,,,,0,7,2008,WD ,165400,True
1569,914476080,90,RL,76.0,10260,Pave,,Reg,Lvl,AllPub,Inside,Gtl,Mitchel,Norm,Norm,Duplex,2Story,5,4,1976,1976,Gable,CompShg,Plywood,Plywood,None,0.0,TA,TA,CBlock,,,,,0.0,,0.0,0.0,0.0,GasA,TA,Y,SBrkr,936,936,0,1872,0.0,0.0,2,2,4,2,TA,8,Typ,0,,Attchd,1976.0,Unf,2.0,484.0,TA,TA,Y,0,0,0,0,0,0,,,,0,11,2008,WD ,100000,True
2540,534226060,20,RL,71.0,9230,Pave,,Reg,Lvl,AllPub,Corner,Gtl,NAmes,Feedr,Norm,1Fam,1Story,5,8,1965,1998,Hip,CompShg,MetalSd,MetalSd,BrkFace,166.0,TA,TA,CBlock,TA,TA,Mn,GLQ,661.0,Unf,0.0,203.0,864.0,GasA,Gd,Y,SBrkr,1200,0,0,1200,1.0,0.0,1,1,1,1,Gd,6,Typ,0,,Detchd,1977.0,Unf,2.0,884.0,TA,TA,Y,0,64,0,0,0,0,,MnPrv,,0,10,2006,WD ,146000,True
2844,909101330,30,RL,60.0,8088,Pave,Grvl,Reg,Lvl,AllPub,Inside,Gtl,Edwards,Feedr,Norm,1Fam,1Story,2,3,1922,1955,Gable,CompShg,MetalSd,MetalSd,None,0.0,TA,TA,BrkTil,TA,TA,No,Unf,0.0,Unf,0.0,498.0,498.0,GasA,TA,N,FuseF,498,0,0,498,0.0,0.0,1,0,1,1,TA,3,Typ,0,,Detchd,1922.0,Unf,1.0,216.0,Fa,Fa,N,0,0,100,0,0,0,,,,0,2,2006,ConLD,35000,True
461,528186010,20,RL,129.0,16770,Pave,,Reg,Lvl,AllPub,Corner,Gtl,NridgHt,Norm,Norm,1Fam,1Story,8,5,2002,2003,Hip,CompShg,VinylSd,VinylSd,BrkFace,270.0,Gd,TA,PConc,Ex,TA,Gd,GLQ,1196.0,Unf,0.0,516.0,1712.0,GasA,Ex,Y,SBrkr,1712,0,0,1712,1.0,0.0,2,0,3,1,Gd,8,Typ,1,Gd,Attchd,2002.0,RFn,3.0,701.0,TA,TA,Y,218,183,0,0,0,0,,,,0,9,2009,WD ,286500,True
2044,903484080,50,RM,60.0,10320,Pave,Grvl,Reg,Lvl,AllPub,Corner,Gtl,IDOTRR,Artery,Norm,1Fam,1.5Fin,4,1,1910,1950,Gable,CompShg,Wd Sdng,Wd Sdng,None,0.0,Fa,Fa,CBlock,TA,Fa,No,Unf,0.0,Unf,0.0,771.0,771.0,GasA,Fa,Y,SBrkr,866,504,114,1484,0.0,0.0,2,0,3,1,TA,6,Sal,0,,Detchd,1910.0,Unf,1.0,264.0,TA,Fa,N,14,211,0,0,84,0,,,,0,9,2007,COD,50000,True
344,526355080,80,RL,75.0,13860,Pave,,Reg,Lvl,AllPub,Inside,Gtl,NAmes,Norm,Norm,1Fam,SLvl,8,7,1972,1995,Gable,CompShg,Plywood,Wd Sdng,None,0.0,Gd,TA,CBlock,Gd,TA,Gd,GLQ,1410.0,Unf,0.0,542.0,1952.0,GasA,Gd,Y,SBrkr,2000,704,0,2704,1.0,0.0,2,1,4,1,Ex,9,Typ,3,TA,Attchd,1972.0,Fin,2.0,538.0,TA,TA,Y,269,111,0,0,0,0,,MnPrv,,0,7,2009,WD ,345000,True
727,902477120,30,C (all),60.0,7879,Pave,,Reg,Lvl,AllPub,Inside,Gtl,IDOTRR,Norm,Norm,1Fam,1Story,4,5,1920,1950,Gable,CompShg,Wd Sdng,Wd Sdng,None,0.0,TA,TA,CBlock,TA,TA,No,Rec,495.0,Unf,0.0,225.0,720.0,GasA,TA,N,FuseA,720,0,0,720,0.0,0.0,1,0,2,1,TA,4,Typ,0,,,,,0.0,0.0,,,N,0,523,115,0,0,0,,GdWo,,0,11,2009,WD ,34900,True
2002,902408080,70,RM,60.0,10800,Pave,Grvl,Reg,Bnk,AllPub,Inside,Gtl,OldTown,Norm,Norm,1Fam,2Story,7,8,1890,1998,Gable,CompShg,Wd Sdng,VinylSd,None,0.0,TA,Gd,BrkTil,TA,TA,No,Unf,0.0,Unf,0.0,718.0,718.0,GasA,Ex,Y,SBrkr,1576,978,0,2554,0.0,0.0,1,1,3,1,TA,8,Typ,0,,Detchd,1996.0,Unf,2.0,704.0,TA,TA,P,0,48,143,0,0,0,,,,0,7,2007,WD ,159500,True
2104,906380070,60,RL,69.0,9588,Pave,,IR1,Lvl,AllPub,Inside,Gtl,CollgCr,Norm,Norm,1Fam,2Story,8,5,2007,2007,Gable,CompShg,CemntBd,CmentBd,Stone,270.0,Gd,TA,PConc,Ex,TA,No,Unf,0.0,Unf,0.0,1482.0,1482.0,GasA,Ex,Y,SBrkr,1482,1092,0,2574,0.0,0.0,2,1,3,1,Ex,10,Typ,1,Gd,BuiltIn,2007.0,Fin,3.0,868.0,TA,TA,Y,0,148,0,0,0,0,,,,0,11,2007,New,276000,True
1266,535427070,20,RL,313.0,27650,Pave,,IR2,HLS,AllPub,Inside,Mod,NAmes,PosA,Norm,1Fam,1Story,7,7,1960,2007,Flat,Tar&Grv,Wd Sdng,Wd Sdng,None,0.0,TA,TA,CBlock,Gd,TA,Gd,GLQ,425.0,Unf,0.0,160.0,585.0,GasA,Ex,Y,SBrkr,2069,0,0,2069,1.0,0.0,2,0,4,1,Gd,9,Typ,1,Gd,Attchd,1960.0,RFn,2.0,505.0,TA,TA,Y,0,0,0,0,0,0,,,,0,11,2008,WD ,242000,True
674,535425070,20,RL,,17600,Pave,,IR1,Lvl,AllPub,Inside,Gtl,NAmes,Norm,Norm,1Fam,1Story,6,5,1960,1960,Gable,CompShg,Wd Sdng,Wd Sdng,BrkFace,30.0,TA,TA,CBlock,TA,TA,No,BLQ,1270.0,Unf,0.0,208.0,1478.0,GasA,Ex,Y,FuseA,1478,0,0,1478,1.0,0.0,2,0,3,1,TA,6,Typ,2,Gd,Attchd,1960.0,Unf,2.0,498.0,TA,TA,Y,0,40,0,0,0,0,,,,0,12,2009,WD ,157500,True
2890,914476130,80,RL,140.0,11080,Pave,,Reg,Lvl,AllPub,Corner,Gtl,Mitchel,Norm,Norm,1Fam,SLvl,6,6,1975,1975,Gable,CompShg,Plywood,Plywood,BrkFace,257.0,TA,TA,CBlock,TA,TA,Av,GLQ,576.0,Unf,0.0,552.0,1128.0,GasA,TA,Y,SBrkr,1210,0,0,1210,1.0,0.0,2,0,3,1,TA,6,Typ,0,,Attchd,1975.0,Unf,2.0,528.0,TA,TA,Y,0,0,0,0,0,0,,,,0,5,2006,WD ,148000,True
903,909101010,50,RL,67.0,12354,Pave,Grvl,Reg,Lvl,AllPub,Corner,Gtl,Edwards,Norm,Norm,1Fam,1.5Fin,6,8,1920,2000,Gable,CompShg,Wd Sdng,Wd Sdng,None,0.0,TA,TA,BrkTil,TA,Fa,Mn,Unf,0.0,Unf,0.0,684.0,684.0,GasA,Gd,Y,SBrkr,684,512,0,1196,0.0,0.0,1,0,3,1,Gd,7,Typ,0,,Detchd,2005.0,Unf,2.0,528.0,TA,TA,Y,0,46,0,0,0,0,,GdPrv,Shed,800,8,2009,ConLI,110000,True
1221,534451170,30,RL,56.0,4130,Pave,,IR1,Lvl,AllPub,Inside,Gtl,BrkSide,Norm,Norm,1Fam,1Story,3,6,1935,2003,Gable,CompShg,VinylSd,VinylSd,None,0.0,Gd,TA,CBlock,TA,TA,No,Unf,0.0,Unf,0.0,270.0,270.0,GasA,Gd,Y,SBrkr,729,0,0,729,0.0,0.0,1,0,2,1,TA,5,Maj2,0,,,,,0.0,0.0,,,N,0,0,0,0,0,0,,,,0,7,2008,WD ,52000,True
1200,534250370,60,RL,,8963,Pave,,IR1,Lvl,AllPub,Inside,Gtl,NWAmes,Norm,Norm,1Fam,2Story,8,9,1976,1996,Hip,CompShg,VinylSd,VinylSd,BrkFace,289.0,Ex,Gd,CBlock,TA,Gd,No,GLQ,575.0,ALQ,80.0,487.0,1142.0,GasA,Ex,Y,SBrkr,1175,1540,0,2715,0.0,1.0,3,1,4,1,Gd,11,Typ,2,TA,BuiltIn,1994.0,Fin,2.0,831.0,TA,TA,Y,0,204,0,0,0,0,,,,0,7,2008,WD ,299800,True
768,904351240,50,RL,60.0,9780,Pave,,Reg,Lvl,AllPub,Inside,Gtl,Edwards,Norm,Norm,1Fam,1.5Fin,5,3,1934,1950,Gable,CompShg,MetalSd,MetalSd,None,0.0,TA,TA,PConc,TA,TA,No,Unf,0.0,Unf,0.0,585.0,585.0,GasA,TA,N,FuseA,687,425,0,1112,1.0,0.0,2,0,4,1,TA,6,Typ,0,,Detchd,1934.0,Unf,1.0,226.0,Po,Po,N,0,0,0,0,0,0,,,,0,3,2009,WD ,63000,True
1909,534479120,50,RL,79.0,9492,Pave,,Reg,Lvl,AllPub,Inside,Gtl,NAmes,Artery,Norm,1Fam,1.5Fin,5,5,1941,1950,Gable,CompShg,WdShing,Wd Shng,None,0.0,TA,TA,CBlock,TA,TA,No,Rec,368.0,BLQ,41.0,359.0,768.0,GasA,TA,Y,SBrkr,968,408,0,1376,1.0,0.0,1,0,3,1,TA,6,Typ,1,Gd,Attchd,1941.0,Unf,1.0,240.0,TA,TA,Y,0,0,0,0,0,0,,,,0,4,2007,WD ,105000,True
1268,535451050,20,RL,60.0,7200,Pave,,Reg,Lvl,AllPub,Inside,Gtl,NAmes,Norm,Norm,1Fam,1Story,5,7,1951,1951,Gable,CompShg,MetalSd,MetalSd,None,0.0,TA,TA,CBlock,Fa,TA,No,LwQ,432.0,Unf,0.0,444.0,876.0,GasA,TA,Y,SBrkr,876,0,0,876,0.0,0.0,1,0,2,1,TA,5,Typ,1,TA,Detchd,1972.0,Unf,2.0,576.0,TA,TA,Y,0,0,0,0,0,0,,,,0,2,2008,WD ,94000,True
2566,535101110,90,RL,,8917,Pave,,IR1,Lvl,AllPub,Inside,Gtl,NAmes,Norm,Norm,Duplex,1Story,5,5,1967,1967,Gable,CompShg,Plywood,Plywood,None,0.0,TA,TA,CBlock,TA,TA,No,Unf,0.0,Unf,0.0,1584.0,1584.0,GasA,TA,Y,SBrkr,1584,0,0,1584,0.0,0.0,2,0,4,2,TA,8,Typ,0,,Detchd,1967.0,Unf,2.0,506.0,TA,TA,Y,0,0,0,0,0,0,,,,0,10,2006,WD ,119000,True
1902,534450090,20,RL,50.0,5000,Pave,,Reg,Low,AllPub,Inside,Mod,BrkSide,Norm,Norm,1Fam,1Story,1,3,1946,1950,Gable,CompShg,VinylSd,VinylSd,None,0.0,Fa,Fa,Slab,,,,,0.0,,0.0,0.0,0.0,GasA,Fa,N,FuseF,334,0,0,334,0.0,0.0,1,0,1,1,Fa,2,Typ,0,,,,,0.0,0.0,,,N,0,0,0,0,0,0,,,,0,1,2007,WD ,39300,True
1547,910202050,30,RM,40.0,3636,Pave,,Reg,Lvl,AllPub,Inside,Gtl,IDOTRR,Norm,Norm,1Fam,1Story,4,4,1922,1950,Gable,CompShg,AsbShng,AsbShng,None,0.0,TA,TA,BrkTil,TA,Fa,No,Unf,0.0,Unf,0.0,796.0,796.0,GasA,Fa,N,SBrkr,796,0,0,796,0.0,0.0,1,0,2,1,TA,5,Typ,0,,,,,0.0,0.0,,,N,0,0,100,0,0,0,,MnPrv,,0,1,2008,WD ,55000,True
2410,528188040,120,RL,,3136,Pave,,IR1,Lvl,AllPub,Corner,Gtl,NridgHt,Norm,Norm,TwnhsE,1Story,7,5,2003,2003,Gable,CompShg,VinylSd,Wd Shng,Stone,163.0,Gd,TA,PConc,Gd,TA,No,Unf,0.0,Unf,0.0,1405.0,1405.0,GasA,Ex,Y,SBrkr,1405,0,0,1405,0.0,0.0,2,0,2,1,Gd,6,Typ,1,Gd,Attchd,2003.0,RFn,2.0,478.0,TA,TA,Y,148,36,0,0,0,0,,,,0,3,2006,WD ,171750,True
2682,903233220,50,RM,51.0,6120,Pave,,Reg,Lvl,AllPub,Inside,Gtl,BrkSide,Norm,Norm,1Fam,1.5Fin,5,7,1930,1984,Gable,CompShg,MetalSd,MetalSd,None,0.0,TA,Gd,BrkTil,TA,TA,No,Unf,0.0,Unf,0.0,741.0,741.0,GasA,Gd,Y,SBrkr,741,583,0,1324,0.0,0.0,1,0,3,1,Gd,7,Typ,0,,Detchd,1930.0,Unf,1.0,180.0,Fa,TA,Y,0,0,55,0,0,0,,,,0,2,2006,WD ,110000,True
2490,532353180,80,RL,88.0,8471,Pave,,IR1,Lvl,AllPub,Corner,Gtl,Sawyer,Norm,Norm,1Fam,SLvl,6,7,1977,1995,Gable,CompShg,HdBoard,Plywood,BrkFace,46.0,TA,TA,CBlock,Gd,Gd,Av,ALQ,506.0,Unf,0.0,0.0,506.0,GasA,TA,Y,SBrkr,1212,0,0,1212,1.0,0.0,1,0,3,1,TA,6,Typ,1,TA,Attchd,1978.0,Unf,2.0,492.0,TA,TA,Y,292,12,0,0,0,0,,GdWo,,0,7,2006,WD ,151000,True
914,909251170,50,RL,51.0,6171,Pave,,Reg,Lvl,AllPub,Inside,Gtl,SWISU,Norm,Norm,1Fam,1.5Fin,6,6,1925,1990,Gable,CompShg,WdShing,Wd Shng,None,0.0,TA,TA,BrkTil,TA,TA,No,BLQ,264.0,Unf,0.0,712.0,976.0,GasA,Ex,Y,SBrkr,1160,448,0,1608,0.0,0.0,2,1,3,1,Gd,7,Typ,1,Gd,Detchd,1925.0,Unf,1.0,216.0,Fa,TA,Y,147,16,0,0,0,0,,MnPrv,,0,10,2009,WD ,137450,True
2568,535105160,20,RL,85.0,8500,Pave,,Reg,Lvl,AllPub,Inside,Gtl,NAmes,Norm,Norm,1Fam,1Story,5,3,1961,1961,Hip,CompShg,HdBoard,HdBoard,BrkCmn,203.0,TA,TA,CBlock,TA,TA,No,Rec,600.0,Unf,0.0,635.0,1235.0,GasA,TA,Y,SBrkr,1235,0,0,1235,0.0,0.0,1,0,2,1,TA,6,Typ,0,,Attchd,1961.0,Unf,2.0,480.0,TA,TA,Y,0,0,0,0,0,0,,GdWo,,0,12,2006,WD ,98600,True
1675,527427200,120,RH,26.0,10943,Pave,,IR2,Lvl,AllPub,FR2,Gtl,NAmes,Norm,Norm,TwnhsE,1Story,6,5,1997,1998,Gable,CompShg,MetalSd,MetalSd,None,0.0,Gd,TA,PConc,Gd,TA,No,GLQ,930.0,Unf,0.0,475.0,1405.0,GasA,Ex,Y,SBrkr,1337,0,0,1337,1.0,0.0,2,0,2,1,Gd,5,Typ,1,TA,Attchd,1997.0,Fin,2.0,522.0,TA,TA,Y,0,68,0,0,0,0,,,,0,10,2007,WD ,177000,True
2038,903457130,190,RM,52.0,4330,Pave,Grvl,Reg,Lvl,AllPub,Inside,Gtl,IDOTRR,Norm,Norm,2fmCon,1.5Fin,4,6,1958,1958,Gable,CompShg,MetalSd,MetalSd,None,0.0,TA,TA,BrkTil,Fa,TA,No,Rec,681.0,ALQ,127.0,0.0,808.0,GasA,TA,Y,SBrkr,838,477,0,1315,1.0,0.0,2,0,3,1,TA,5,Typ,0,,Detchd,1958.0,RFn,2.0,436.0,TA,TA,Y,0,0,0,0,0,0,,,,0,2,2007,COD,99500,True
2296,923230010,60,RL,68.0,8286,Pave,,IR1,Lvl,AllPub,Corner,Gtl,Mitchel,Norm,Norm,1Fam,2Story,5,7,1977,1977,Gable,CompShg,Plywood,Plywood,None,0.0,TA,TA,PConc,Gd,TA,No,Rec,531.0,Unf,0.0,185.0,716.0,GasA,Ex,Y,SBrkr,716,716,0,1432,1.0,0.0,1,1,3,1,TA,6,Typ,1,Gd,Attchd,1977.0,Fin,2.0,531.0,TA,TA,Y,0,136,0,0,240,0,,GdPrv,,0,6,2007,WD ,157000,True
2404,528174080,120,RL,43.0,7052,Pave,,IR1,Lvl,AllPub,Inside,Gtl,NridgHt,Norm,Norm,TwnhsE,1Story,7,5,2005,2005,Gable,CompShg,VinylSd,VinylSd,Stone,240.0,Gd,TA,PConc,Gd,TA,Av,GLQ,659.0,Unf,0.0,705.0,1364.0,GasA,Ex,Y,SBrkr,1364,0,0,1364,1.0,0.0,2,0,2,1,Gd,6,Typ,1,Gd,Attchd,2005.0,RFn,2.0,484.0,TA,TA,Y,192,36,0,0,0,0,,,,0,6,2006,WD ,185850,True
1472,907295100,90,RM,83.0,10126,Pave,,Reg,Lvl,AllPub,Corner,Gtl,CollgCr,Norm,Norm,Duplex,SFoyer,6,5,1997,1998,Gable,CompShg,VinylSd,VinylSd,None,0.0,TA,Gd,PConc,Gd,TA,Gd,GLQ,1593.0,LwQ,162.0,83.0,1838.0,GasA,Ex,Y,SBrkr,1838,0,0,1838,2.0,0.0,2,0,2,2,TA,8,Typ,0,,Attchd,1998.0,Unf,3.0,721.0,TA,TA,Y,160,67,0,0,0,0,,,,0,7,2008,WD ,185000,True
2662,902325160,50,RM,63.0,5000,Pave,,Reg,Lvl,AllPub,Corner,Gtl,OldTown,Norm,Norm,1Fam,1.5Fin,5,4,1900,1950,Gable,CompShg,Wd Sdng,Wd Sdng,None,0.0,TA,TA,BrkTil,TA,TA,No,Unf,0.0,Unf,0.0,540.0,540.0,GasA,Gd,N,FuseA,889,551,0,1440,0.0,0.0,1,0,3,1,TA,6,Typ,0,,Attchd,1940.0,Unf,1.0,352.0,Fa,TA,Y,0,0,77,0,0,0,,,,0,4,2006,WD ,79000,True
2091,906201022,20,RL,114.0,10357,Pave,,IR1,Lvl,AllPub,Corner,Gtl,SawyerW,Feedr,Norm,1Fam,1Story,7,5,1990,1991,Hip,CompShg,HdBoard,HdBoard,None,0.0,Gd,TA,PConc,Gd,TA,Mn,GLQ,738.0,Unf,0.0,172.0,910.0,GasA,Gd,Y,SBrkr,1442,0,0,1442,1.0,0.0,2,0,3,1,Gd,6,Typ,1,TA,Attchd,1990.0,Fin,2.0,719.0,TA,TA,Y,0,244,0,0,0,0,,,,0,5,2007,WD ,179900,True
690,535476240,20,RL,80.0,7936,Pave,,Reg,Lvl,AllPub,Inside,Gtl,NAmes,Norm,Norm,1Fam,1Story,6,6,1963,1963,Hip,CompShg,HdBoard,HdBoard,None,0.0,TA,TA,CBlock,TA,TA,No,BLQ,826.0,Unf,0.0,219.0,1045.0,GasA,TA,Y,SBrkr,1045,0,0,1045,1.0,0.0,1,0,3,1,TA,6,Typ,1,Fa,Attchd,1963.0,RFn,1.0,264.0,TA,TA,Y,0,0,0,0,0,0,,,,0,4,2009,WD ,127000,True
1329,903204010,50,RM,,7425,Pave,,IR1,Bnk,AllPub,Corner,Gtl,BrkSide,RRAn,Artery,1Fam,1.5Fin,7,7,1945,1950,Gable,CompShg,Wd Sdng,Wd Sdng,None,0.0,TA,TA,CBlock,TA,Fa,No,Unf,0.0,Unf,0.0,672.0,672.0,GasA,Gd,Y,SBrkr,1195,473,0,1668,0.0,0.0,1,1,3,1,Gd,8,Typ,0,,Attchd,1945.0,Unf,1.0,252.0,TA,TA,Y,210,0,0,0,0,0,,,,0,8,2008,WD ,108000,True
1839,533208020,120,FV,40.0,3606,Pave,Pave,Reg,Lvl,AllPub,Inside,Gtl,Somerst,Norm,Norm,TwnhsE,1Story,7,5,2006,2007,Gable,CompShg,VinylSd,VinylSd,None,0.0,Gd,TA,PConc,Ex,Gd,No,GLQ,937.0,Unf,0.0,415.0,1352.0,GasA,Ex,Y,SBrkr,1352,0,0,1352,1.0,0.0,2,0,2,1,Gd,5,Typ,1,Gd,Attchd,2006.0,RFn,2.0,466.0,TA,TA,Y,0,241,0,0,0,0,,,,0,8,2007,New,194000,True
791,905451340,20,RL,68.0,9571,Pave,,Reg,Lvl,AllPub,Inside,Gtl,Edwards,Norm,Norm,1Fam,1Story,5,3,1958,1958,Gable,CompShg,BrkComm,Brk Cmn,None,0.0,TA,Fa,CBlock,TA,Fa,No,Unf,0.0,Unf,0.0,1276.0,1276.0,GasA,TA,Y,FuseA,1276,0,0,1276,0.0,0.0,1,0,3,1,TA,5,Mod,0,,Attchd,1958.0,Unf,1.0,350.0,TA,TA,Y,0,0,0,0,0,0,,,,0,6,2009,COD,60000,True
2881,911175430,20,C (all),50.0,9000,Pave,,Reg,Lvl,AllPub,Inside,Gtl,IDOTRR,Norm,Norm,1Fam,1Story,2,3,1949,1950,Gable,CompShg,AsbShng,AsbShng,None,0.0,TA,TA,CBlock,TA,TA,Av,BLQ,50.0,Unf,0.0,430.0,480.0,GasA,TA,N,FuseA,480,0,0,480,1.0,0.0,0,0,1,1,TA,4,Typ,0,,Detchd,1958.0,Unf,1.0,308.0,TA,TA,Y,0,0,0,0,0,0,,,,0,10,2006,WD ,35311,True
938,909475040,20,RL,,17597,Pave,,Reg,Bnk,AllPub,Inside,Gtl,Crawfor,Norm,Norm,1Fam,1Story,7,9,1971,2009,Hip,CompShg,BrkFace,BrkFace,None,0.0,Gd,Gd,CBlock,Gd,TA,No,GLQ,803.0,ALQ,419.0,581.0,1803.0,GasA,TA,Y,SBrkr,2365,0,0,2365,1.0,0.0,2,0,3,1,Ex,7,Min1,2,Gd,Attchd,1971.0,Fin,2.0,551.0,TA,TA,Y,200,144,0,0,0,0,,GdPrv,,0,7,2009,WD ,315000,True
1938,535325320,50,RL,55.0,7150,Pave,,Reg,Lvl,AllPub,Inside,Gtl,NAmes,Norm,Norm,1Fam,1.5Fin,4,4,1955,1955,Gable,CompShg,MetalSd,MetalSd,None,0.0,TA,TA,PConc,TA,TA,No,Rec,150.0,Unf,0.0,1040.0,1190.0,GasA,Gd,Y,SBrkr,1040,500,0,1540,1.0,0.0,1,0,4,1,Fa,7,Typ,0,,Detchd,2002.0,Unf,1.0,352.0,TA,TA,Y,0,0,0,0,0,0,,,,0,8,2007,WD ,115000,True
2289,923228250,160,RM,21.0,2001,Pave,,Reg,Lvl,AllPub,Inside,Gtl,MeadowV,Norm,Norm,Twnhs,2Story,4,5,1970,1970,Gable,CompShg,CemntBd,CmentBd,BrkFace,80.0,TA,TA,CBlock,TA,TA,No,Unf,0.0,Unf,0.0,546.0,546.0,GasA,Fa,Y,SBrkr,546,546,0,1092,0.0,0.0,1,1,3,1,TA,6,Typ,0,,Attchd,1970.0,Unf,1.0,286.0,TA,TA,Y,0,0,0,0,0,0,,,,0,1,2007,WD ,75000,True
2502,533127080,60,RL,,14541,Pave,,IR1,Lvl,AllPub,Corner,Gtl,NoRidge,Norm,Norm,1Fam,2Story,8,7,1993,1993,Gable,CompShg,MetalSd,MetalSd,None,0.0,Gd,Gd,PConc,Gd,Gd,No,GLQ,1012.0,Unf,0.0,326.0,1338.0,GasA,Ex,Y,SBrkr,1352,1168,0,2520,1.0,0.0,2,1,5,1,Gd,10,Typ,1,TA,Attchd,1993.0,RFn,3.0,796.0,TA,TA,Y,209,55,0,0,0,0,,,,0,11,2006,WD ,310000,True
2914,923226180,180,RM,21.0,1470,Pave,,Reg,Lvl,AllPub,Inside,Gtl,MeadowV,Norm,Norm,Twnhs,SFoyer,4,6,1970,1970,Gable,CompShg,CemntBd,CmentBd,None,0.0,TA,TA,CBlock,Gd,TA,Av,GLQ,522.0,Unf,0.0,108.0,630.0,GasA,TA,Y,SBrkr,630,0,0,630,1.0,0.0,1,0,1,1,TA,3,Typ,0,,,,,0.0,0.0,,,Y,0,0,0,0,0,0,,,,0,4,2006,WD ,73000,True
91,533130020,60,RL,107.0,10186,Pave,,IR1,Lvl,AllPub,Inside,Gtl,NoRidge,Norm,Norm,1Fam,2Story,7,5,1992,1992,Gable,CompShg,HdBoard,HdBoard,None,0.0,Gd,TA,PConc,Gd,TA,No,GLQ,674.0,Unf,0.0,76.0,750.0,GasA,Ex,Y,SBrkr,1061,862,0,1923,1.0,0.0,2,1,3,1,Gd,8,Typ,1,TA,Attchd,1992.0,RFn,2.0,564.0,TA,TA,Y,240,39,0,0,0,0,,,,0,6,2010,WD ,190000,True
710,902205030,50,RM,50.0,5925,Pave,,Reg,Lvl,AllPub,Inside,Gtl,OldTown,Norm,Norm,1Fam,1.5Fin,3,6,1910,1950,Gable,CompShg,VinylSd,VinylSd,None,0.0,TA,TA,BrkTil,TA,TA,No,Unf,0.0,Unf,0.0,600.0,600.0,Grav,Fa,N,SBrkr,600,368,0,968,0.0,0.0,1,0,2,1,TA,6,Typ,0,,,,,0.0,0.0,,,Y,0,0,0,0,0,0,,GdWo,,0,5,2009,WD ,37900,True
816,906230010,90,RL,,11855,Pave,,Reg,Lvl,AllPub,Inside,Gtl,SawyerW,Norm,Norm,Duplex,2Story,7,5,2000,2000,Hip,CompShg,VinylSd,VinylSd,BrkFace,23.0,TA,TA,PConc,Ex,TA,No,GLQ,820.0,Unf,0.0,348.0,1168.0,GasA,Ex,Y,SBrkr,1168,1619,0,2787,2.0,0.0,4,2,6,2,TA,8,Typ,2,TA,BuiltIn,2000.0,Fin,4.0,820.0,TA,TA,Y,312,0,0,0,0,0,,,,0,10,2009,WD ,269500,True
1491,908103280,20,RL,65.0,6500,Pave,,Reg,Lvl,AllPub,Inside,Gtl,Edwards,Norm,Norm,1Fam,1Story,6,6,1976,1976,Hip,CompShg,HdBoard,Plywood,BrkFace,84.0,TA,TA,CBlock,TA,Ex,No,BLQ,1033.0,Unf,0.0,94.0,1127.0,GasA,TA,Y,SBrkr,1127,0,0,1127,0.0,1.0,1,1,3,1,TA,6,Typ,1,Po,Detchd,1991.0,Unf,2.0,480.0,TA,TA,Y,0,0,138,0,0,0,,,,0,5,2008,WD ,135000,True
945,911370500,120,RM,44.0,3843,Pave,,IR1,HLS,AllPub,Inside,Mod,Crawfor,Norm,Norm,TwnhsE,1Story,8,5,2007,2008,Hip,CompShg,CemntBd,CmentBd,Stone,174.0,Ex,TA,PConc,Ex,TA,Gd,GLQ,1476.0,Unf,0.0,120.0,1596.0,GasA,Ex,Y,SBrkr,1648,0,0,1648,1.0,1.0,2,0,2,1,Ex,5,Typ,1,Gd,Attchd,2007.0,Fin,2.0,482.0,TA,TA,Y,162,53,0,153,0,0,,,,0,6,2009,New,230000,True
1010,527183060,120,RL,65.0,5950,Pave,,IR1,HLS,AllPub,Inside,Mod,StoneBr,Norm,Norm,TwnhsE,1Story,8,5,1989,1989,Gable,CompShg,HdBoard,HdBoard,None,0.0,Gd,TA,PConc,Gd,TA,Gd,GLQ,319.0,Unf,0.0,1018.0,1337.0,GasA,Gd,Y,SBrkr,1337,0,0,1337,1.0,0.0,2,0,2,1,Gd,5,Typ,1,TA,Attchd,1989.0,RFn,2.0,462.0,TA,TA,Y,0,73,154,0,0,0,,,,0,4,2008,WD ,188500,True
2618,535425080,60,RL,,18275,Pave,,IR1,HLS,AllPub,Inside,Gtl,NAmes,Norm,Norm,1Fam,2Story,7,8,1962,1998,Gable,CompShg,Plywood,Plywood,None,0.0,TA,TA,CBlock,TA,TA,Gd,ALQ,636.0,Unf,0.0,802.0,1438.0,GasA,TA,Y,SBrkr,1900,548,0,2448,1.0,0.0,3,0,3,1,TA,9,Typ,2,Gd,Attchd,1962.0,RFn,2.0,441.0,TA,TA,Y,520,102,0,0,0,0,,,,0,9,2006,WD ,277500,True
182,902207130,30,RM,68.0,9656,Pave,,Reg,Lvl,AllPub,Inside,Gtl,OldTown,Norm,Norm,1Fam,1Story,2,2,1923,1970,Gable,CompShg,AsbShng,AsbShng,None,0.0,TA,Fa,BrkTil,Fa,Fa,No,Unf,0.0,Unf,0.0,678.0,678.0,GasA,TA,N,SBrkr,832,0,0,832,0.0,0.0,1,0,2,1,TA,5,Typ,1,Gd,Detchd,1928.0,Unf,2.0,780.0,Fa,Fa,N,0,0,0,0,0,0,,,,0,6,2010,WD ,12789,True
1580,916402015,20,RL,75.0,12890,Pave,,IR1,Lvl,AllPub,Inside,Gtl,Timber,Norm,Norm,1Fam,1Story,6,5,1989,1989,Gable,CompShg,Wd Sdng,Wd Sdng,BrkFace,128.0,TA,TA,CBlock,Gd,TA,No,Unf,0.0,Unf,0.0,1495.0,1495.0,GasA,Ex,Y,SBrkr,1495,0,0,1495,0.0,0.0,2,0,3,1,TA,8,Typ,1,TA,Attchd,1989.0,Unf,2.0,438.0,TA,TA,Y,252,0,192,0,0,0,,,,0,7,2008,WD ,150000,True
1742,528228270,120,RL,53.0,3922,Pave,,Reg,Lvl,AllPub,Inside,Gtl,Blmngtn,Norm,Norm,TwnhsE,1Story,7,5,2006,2007,Gable,CompShg,WdShing,Wd Shng,BrkFace,72.0,Gd,TA,PConc,Ex,TA,Av,Unf,0.0,Unf,0.0,1258.0,1258.0,GasA,Ex,Y,SBrkr,1258,0,0,1258,0.0,0.0,2,0,2,1,Gd,6,Typ,1,Gd,Attchd,2007.0,Fin,3.0,648.0,TA,TA,Y,144,16,0,0,0,0,,,,0,6,2007,New,172500,True
1787,528435070,20,RL,85.0,10000,Pave,,Reg,Lvl,AllPub,Inside,Gtl,Somerst,Norm,Norm,1Fam,1Story,8,5,2006,2006,Hip,CompShg,VinylSd,VinylSd,Stone,410.0,Gd,TA,PConc,Gd,Gd,Av,Unf,0.0,Unf,0.0,1588.0,1588.0,GasA,Ex,Y,SBrkr,1588,0,0,1588,0.0,0.0,2,0,3,1,Gd,7,Typ,1,Gd,Attchd,2006.0,RFn,3.0,825.0,TA,TA,Y,144,45,0,0,0,0,,,,0,12,2007,WD ,227000,True
2654,902206020,30,RM,52.0,7830,Pave,,Reg,Lvl,AllPub,Inside,Gtl,OldTown,Norm,Norm,1Fam,1Story,3,5,1921,1950,Gable,CompShg,AsbShng,AsbShng,None,0.0,TA,TA,BrkTil,Fa,TA,No,LwQ,416.0,Unf,0.0,76.0,492.0,GasA,TA,Y,SBrkr,492,0,0,492,1.0,0.0,1,0,1,1,TA,3,Typ,0,,Detchd,1921.0,Unf,1.0,200.0,Fa,TA,N,0,0,78,0,0,0,,,,0,6,2006,WD ,61500,True
1339,903228060,50,RM,50.0,6000,Pave,,Reg,Lvl,AllPub,Inside,Gtl,BrkSide,Norm,Norm,1Fam,1.5Fin,6,5,1939,1950,Gable,CompShg,Wd Sdng,Wd Sdng,None,0.0,TA,TA,CBlock,TA,TA,No,LwQ,264.0,Unf,0.0,475.0,739.0,GasA,Ex,Y,SBrkr,874,468,0,1342,0.0,0.0,2,0,2,2,TA,7,Typ,1,Gd,Detchd,1939.0,Unf,1.0,240.0,TA,TA,Y,0,0,0,0,0,0,,,,0,4,2008,WD ,105000,True
75,531380080,60,RL,,8880,Pave,,IR1,Lvl,AllPub,Inside,Gtl,SawyerW,Norm,Norm,1Fam,2Story,7,5,1994,2002,Gable,CompShg,VinylSd,VinylSd,None,0.0,Gd,TA,PConc,Gd,TA,No,GLQ,695.0,Unf,0.0,253.0,948.0,GasA,Ex,Y,SBrkr,1222,888,0,2110,1.0,0.0,2,1,3,1,Gd,8,Typ,2,Fa,Attchd,1994.0,RFn,2.0,463.0,TA,TA,Y,0,130,0,0,0,0,,,,0,5,2010,WD ,205000,True
2633,535478070,20,RL,74.0,7400,Pave,,Reg,Lvl,AllPub,Corner,Gtl,NAmes,Artery,Norm,1Fam,1Story,7,6,1962,1962,Gable,CompShg,Wd Sdng,Wd Sdng,None,0.0,TA,TA,CBlock,TA,TA,No,LwQ,809.0,Unf,0.0,236.0,1045.0,GasA,Gd,Y,SBrkr,1045,0,0,1045,1.0,0.0,1,0,3,1,TA,6,Typ,0,,Detchd,1962.0,Unf,2.0,528.0,TA,TA,Y,0,0,0,0,0,0,,,,0,3,2006,WD ,120000,True
2025,903425270,50,RL,60.0,8550,Pave,,Reg,Lvl,AllPub,Inside,Gtl,BrkSide,RRAn,Norm,1Fam,1.5Fin,5,5,1926,1950,Gable,CompShg,HdBoard,HdBoard,None,0.0,TA,TA,PConc,Fa,TA,No,Unf,0.0,Unf,0.0,750.0,750.0,GasA,TA,Y,SBrkr,960,356,0,1316,0.0,0.0,1,0,4,1,TA,7,Typ,0,,Detchd,1965.0,Unf,2.0,576.0,TA,TA,Y,0,0,0,0,0,0,,,,0,10,2007,ConLw,90000,True
1916,535126180,60,RL,,18450,Pave,,IR1,Lvl,AllPub,Inside,Gtl,NAmes,Norm,Norm,1Fam,2Story,6,5,1965,1979,Flat,Tar&Grv,Plywood,Plywood,BrkCmn,113.0,TA,Gd,CBlock,Gd,TA,No,LwQ,187.0,Rec,723.0,111.0,1021.0,GasA,TA,Y,SBrkr,1465,915,0,2380,0.0,0.0,2,1,3,1,TA,7,Sev,1,Po,CarPort,1965.0,Unf,2.0,596.0,TA,TA,Y,0,265,0,0,0,0,,,,0,8,2007,WD ,129000,True
444,528142090,20,RL,107.0,11362,Pave,,IR1,Lvl,AllPub,Inside,Gtl,NridgHt,Norm,Norm,1Fam,1Story,8,5,2004,2005,Gable,CompShg,MetalSd,MetalSd,Stone,42.0,Gd,TA,PConc,Ex,TA,Mn,GLQ,1039.0,Unf,0.0,797.0,1836.0,GasA,Ex,Y,SBrkr,1836,0,0,1836,1.0,0.0,2,0,3,1,Gd,7,Typ,1,Gd,Attchd,2004.0,Fin,3.0,862.0,TA,TA,Y,125,185,0,0,0,0,,,,0,3,2009,WD ,280000,True
2193,908275240,20,RL,60.0,8172,Pave,,Reg,HLS,AllPub,Inside,Gtl,Edwards,Norm,Norm,1Fam,1Story,4,5,1955,1955,Gable,CompShg,WdShing,Plywood,None,0.0,TA,TA,CBlock,TA,TA,No,ALQ,682.0,Unf,0.0,182.0,864.0,GasA,TA,Y,SBrkr,864,0,0,864,1.0,0.0,1,0,3,1,TA,5,Typ,0,,Detchd,1996.0,Unf,2.0,528.0,TA,TA,N,196,0,0,0,0,0,,,,0,10,2007,COD,79275,True
1062,528142020,60,RL,74.0,8899,Pave,,Reg,Lvl,AllPub,Inside,Gtl,NridgHt,Norm,Norm,1Fam,2Story,8,5,2007,2007,Hip,CompShg,VinylSd,VinylSd,Stone,108.0,Ex,TA,PConc,Gd,TA,Av,GLQ,40.0,Unf,0.0,908.0,948.0,GasA,Ex,Y,SBrkr,948,1140,0,2088,0.0,0.0,2,1,4,1,Gd,10,Typ,1,Gd,BuiltIn,2007.0,Fin,3.0,656.0,TA,TA,Y,100,24,0,0,0,0,,,,0,6,2008,WD ,250000,True
78,531452020,120,RL,55.0,7892,Pave,,Reg,Lvl,AllPub,Inside,Gtl,SawyerW,Norm,Norm,TwnhsE,1Story,6,5,1979,1979,Gable,CompShg,Plywood,Plywood,None,0.0,TA,TA,CBlock,Gd,TA,No,Unf,0.0,Unf,0.0,918.0,918.0,GasA,TA,Y,SBrkr,918,0,0,918,0.0,0.0,2,0,2,1,TA,5,Typ,1,TA,Attchd,1979.0,Unf,1.0,264.0,TA,TA,Y,28,0,0,0,0,0,,,,0,4,2010,WD ,99500,True
2501,533125120,60,RL,105.0,11025,Pave,,Reg,HLS,AllPub,Inside,Mod,NoRidge,Norm,Norm,1Fam,2Story,8,5,1992,1993,Gable,CompShg,HdBoard,ImStucc,BrkFace,692.0,Gd,TA,PConc,Ex,TA,Gd,GLQ,1118.0,Unf,0.0,216.0,1334.0,GasA,Ex,Y,SBrkr,1520,1306,0,2826,1.0,0.0,2,1,3,1,Gd,9,Typ,3,TA,Attchd,1992.0,RFn,3.0,888.0,TA,TA,Y,177,208,186,0,0,0,,,,0,10,2006,WD ,334000,True
100,533213030,20,FV,,4403,Pave,,IR2,Lvl,AllPub,Inside,Gtl,Somerst,Norm,Norm,1Fam,1Story,7,5,2009,2009,Gable,CompShg,MetalSd,MetalSd,Stone,432.0,Ex,TA,PConc,Ex,TA,Av,GLQ,578.0,Unf,0.0,892.0,1470.0,GasA,Ex,Y,SBrkr,1478,0,0,1478,1.0,0.0,2,1,2,1,Gd,7,Typ,1,Gd,Attchd,2009.0,Fin,2.0,484.0,TA,TA,Y,0,144,0,0,0,0,,,,0,6,2010,New,222000,True
1084,528228465,20,RL,43.0,3182,Pave,,Reg,Lvl,AllPub,Inside,Gtl,Blmngtn,Norm,Norm,1Fam,1Story,7,5,2007,2007,Gable,CompShg,VinylSd,VinylSd,BrkFace,16.0,Gd,TA,PConc,Gd,TA,Av,Unf,0.0,Unf,0.0,1266.0,1266.0,GasA,Ex,Y,SBrkr,1266,0,0,1266,0.0,0.0,2,0,2,1,Gd,6,Typ,1,Gd,Attchd,2007.0,Fin,2.0,388.0,TA,TA,Y,100,16,0,0,0,0,,,,0,3,2008,WD ,159895,True
220,905103060,20,RL,,11341,Pave,,IR1,Lvl,AllPub,Inside,Gtl,Sawyer,Norm,Norm,1Fam,1Story,5,6,1957,1996,Hip,CompShg,Wd Sdng,Wd Sdng,BrkFace,180.0,TA,TA,CBlock,Gd,TA,No,ALQ,1302.0,Unf,0.0,90.0,1392.0,GasA,TA,Y,SBrkr,1392,0,0,1392,1.0,0.0,1,1,3,1,TA,5,Mod,1,Gd,Detchd,1957.0,Unf,2.0,528.0,TA,TA,Y,0,0,0,0,95,0,,,,0,5,2010,WD ,121500,True
926,909279010,90,RL,,8145,Pave,,IR1,HLS,AllPub,Corner,Gtl,Crawfor,Norm,Norm,Duplex,2.5Unf,7,6,1940,1950,Gable,CompShg,Wd Sdng,Wd Sdng,None,0.0,TA,TA,BrkTil,TA,TA,No,LwQ,246.0,Unf,0.0,674.0,920.0,GasA,Ex,Y,SBrkr,1240,1240,0,2480,0.0,0.0,2,1,5,2,TA,13,Typ,2,Gd,Detchd,1940.0,Unf,2.0,400.0,TA,TA,Y,0,0,57,0,0,0,,,,0,7,2009,WD ,205000,True
278,908102300,50,RL,89.0,11792,Pave,,Reg,Lvl,AllPub,Inside,Gtl,Edwards,Norm,Norm,1Fam,1.5Fin,4,5,1948,1950,Gable,CompShg,VinylSd,VinylSd,None,0.0,TA,TA,CBlock,TA,TA,No,Unf,0.0,Unf,0.0,744.0,744.0,GasA,Ex,N,FuseF,792,328,0,1120,0.0,0.0,1,0,2,1,Fa,5,Typ,0,,Detchd,1956.0,Unf,2.0,480.0,TA,Fa,P,0,0,0,0,160,0,,,,0,6,2010,WD ,64000,True
2683,903234030,30,RM,50.0,6000,Pave,,Reg,Lvl,AllPub,Inside,Gtl,OldTown,Artery,Norm,1Fam,1Story,6,6,1925,1980,Gable,CompShg,MetalSd,MetalSd,None,0.0,TA,Gd,BrkTil,TA,TA,No,BLQ,397.0,Unf,0.0,706.0,1103.0,GasA,Gd,Y,SBrkr,1103,0,0,1103,0.0,0.0,1,0,2,1,Gd,5,Typ,1,Gd,Detchd,1976.0,Unf,2.0,440.0,TA,TA,Y,166,120,0,0,0,0,,MnPrv,,0,7,2006,WD ,110500,True
2301,923275010,20,RL,,11000,Pave,,IR2,Lvl,AllPub,Corner,Gtl,Mitchel,Norm,Norm,1Fam,1Story,5,6,1976,2003,Gable,CompShg,Plywood,Plywood,None,0.0,TA,TA,PConc,Gd,TA,No,LwQ,1090.0,Unf,0.0,0.0,1090.0,GasA,TA,Y,SBrkr,1178,0,0,1178,1.0,0.0,1,1,3,1,TA,6,Typ,0,,Attchd,1976.0,Unf,2.0,502.0,TA,TA,Y,0,44,0,0,88,0,,MnPrv,,0,6,2007,WD ,135000,True
1950,535379060,30,RL,60.0,10800,Pave,Grvl,Reg,Lvl,AllPub,Inside,Gtl,OldTown,Norm,Norm,1Fam,1Story,4,6,1927,2007,Gable,CompShg,Wd Sdng,Wd Sdng,None,0.0,TA,TA,BrkTil,TA,TA,No,Unf,0.0,Unf,0.0,656.0,656.0,GasA,TA,Y,SBrkr,968,0,0,968,0.0,0.0,2,0,4,1,TA,5,Typ,0,,Detchd,1928.0,Unf,1.0,216.0,Fa,Fa,Y,0,0,0,0,0,0,,,,0,8,2007,WD ,64500,True
2343,527301010,20,RL,91.0,14145,Pave,,Reg,Lvl,AllPub,Corner,Gtl,NWAmes,Norm,Norm,1Fam,1Story,7,7,1984,1998,Gable,CompShg,Wd Sdng,Wd Sdng,None,0.0,Gd,TA,CBlock,Gd,TA,Mn,ALQ,213.0,Unf,0.0,995.0,1208.0,GasA,Ex,Y,SBrkr,1621,0,0,1621,1.0,0.0,2,0,3,1,Gd,8,Typ,0,,Attchd,1984.0,RFn,2.0,440.0,TA,TA,Y,108,45,0,0,0,0,,,Shed,400,5,2006,WD ,202500,True
1608,923400040,50,RL,75.0,12508,Pave,,IR1,Lvl,AllPub,Inside,Gtl,Mitchel,Norm,Norm,1Fam,1.5Fin,6,7,1940,1985,Gable,CompShg,VinylSd,VinylSd,None,0.0,TA,TA,CBlock,Gd,TA,Mn,ALQ,660.0,Unf,0.0,323.0,983.0,GasA,Ex,Y,SBrkr,983,767,0,1750,1.0,0.0,2,0,4,1,TA,7,Mod,0,,Attchd,1989.0,Unf,1.0,423.0,TA,TA,Y,245,0,156,0,0,0,,,Shed,1300,7,2008,WD ,160000,True
2816,907420090,20,RL,65.0,8767,Pave,,IR1,Lvl,AllPub,Inside,Gtl,CollgCr,Norm,Norm,1Fam,1Story,7,5,2005,2005,Gable,CompShg,VinylSd,VinylSd,None,0.0,Gd,TA,PConc,Gd,TA,Av,GLQ,24.0,Unf,0.0,1286.0,1310.0,GasA,Ex,Y,SBrkr,1310,0,0,1310,0.0,0.0,2,0,3,1,Gd,6,Typ,1,Gd,Attchd,2005.0,Fin,2.0,400.0,TA,TA,Y,0,0,0,0,0,0,,,,0,7,2006,New,164990,True
1837,533206070,120,FV,32.0,3784,Pave,Pave,IR1,Lvl,AllPub,Inside,Gtl,Somerst,Norm,Norm,TwnhsE,1Story,8,5,2006,2007,Gable,CompShg,VinylSd,VinylSd,Stone,36.0,Gd,TA,PConc,Gd,TA,No,GLQ,60.0,Unf,0.0,1451.0,1511.0,GasA,Ex,Y,SBrkr,1565,0,0,1565,1.0,0.0,2,0,2,1,Gd,5,Typ,0,,Attchd,2006.0,Fin,2.0,476.0,TA,TA,Y,0,120,0,0,0,0,,,,0,2,2007,New,193800,True
708,902204080,30,RM,62.0,7404,Pave,,Reg,Lvl,AllPub,Corner,Gtl,OldTown,Norm,Norm,1Fam,1Story,4,6,1920,1950,Gable,CompShg,MetalSd,MetalSd,None,0.0,TA,TA,BrkTil,Fa,TA,No,Unf,0.0,Unf,0.0,861.0,861.0,GasA,TA,Y,SBrkr,861,0,0,861,0.0,0.0,1,0,2,1,TA,5,Typ,0,,Detchd,1920.0,Unf,2.0,288.0,TA,TA,N,0,0,128,0,0,0,,,,0,11,2009,Oth,80000,True
1647,527302060,60,RL,78.0,12090,Pave,,Reg,Lvl,AllPub,Inside,Gtl,NWAmes,Norm,Norm,1Fam,2Story,7,7,1981,2003,Gable,CompShg,MetalSd,MetalSd,BrkFace,306.0,Gd,TA,CBlock,Gd,TA,No,ALQ,321.0,Unf,0.0,404.0,725.0,GasA,Ex,Y,SBrkr,725,754,0,1479,0.0,0.0,2,1,3,1,Gd,6,Typ,1,TA,Attchd,1981.0,RFn,2.0,484.0,TA,TA,Y,167,72,0,0,0,0,,,,0,3,2007,WD ,176000,True
2838,908228040,50,RL,60.0,9738,Pave,,Reg,Lvl,AllPub,Inside,Gtl,Edwards,Norm,Norm,1Fam,1.5Fin,5,7,1924,1950,Gable,CompShg,AsbShng,AsbShng,None,0.0,TA,Gd,BrkTil,TA,TA,No,BLQ,392.0,Unf,0.0,392.0,784.0,GasA,Gd,Y,SBrkr,949,272,0,1221,1.0,0.0,1,0,4,1,TA,7,Typ,0,,Attchd,1965.0,Unf,1.0,392.0,TA,TA,Y,0,0,236,0,0,0,,,,0,3,2006,WD ,104900,True
2279,923202220,20,RL,200.0,43500,Pave,,Reg,Lvl,AllPub,Inside,Gtl,Mitchel,Artery,Norm,1Fam,1Story,3,5,1953,1953,Gable,CompShg,MetalSd,MetalSd,None,0.0,TA,TA,CBlock,,,,,0.0,,0.0,0.0,0.0,GasA,Ex,Y,SBrkr,2034,0,0,2034,0.0,0.0,1,0,2,1,TA,9,Min1,0,,2Types,1953.0,RFn,4.0,1041.0,TA,TA,N,483,266,0,0,0,561,TA,GdPrv,,0,6,2007,WD ,130000,True
652,535353240,60,RL,78.0,11419,Pave,,Reg,Lvl,AllPub,Corner,Gtl,NAmes,Artery,Norm,1Fam,2Story,7,7,1948,1999,Gable,CompShg,WdShing,Wd Shng,None,0.0,TA,TA,CBlock,TA,TA,Mn,ALQ,699.0,Unf,0.0,0.0,699.0,GasA,Ex,Y,FuseA,801,726,0,1527,1.0,0.0,1,1,3,1,TA,6,Typ,1,Gd,Attchd,1948.0,Unf,2.0,410.0,TA,TA,Y,0,0,134,0,0,0,,GdWo,,0,12,2009,WD ,152500,True
1644,527301080,20,RL,,12546,Pave,,IR1,Lvl,AllPub,Corner,Gtl,NWAmes,Norm,Norm,1Fam,1Story,6,7,1981,1981,Gable,CompShg,MetalSd,MetalSd,BrkFace,310.0,Gd,Gd,CBlock,Gd,TA,No,BLQ,678.0,Unf,0.0,762.0,1440.0,GasA,Ex,Y,SBrkr,1440,0,0,1440,0.0,0.0,2,0,3,1,Gd,7,Typ,1,TA,Attchd,1981.0,Fin,2.0,467.0,TA,TA,Y,0,0,99,0,0,0,,,,0,4,2007,WD ,182900,True
939,909475300,20,RL,,21695,Pave,,IR1,Lvl,AllPub,Corner,Gtl,Crawfor,Norm,Norm,1Fam,1Story,6,9,1988,2007,Hip,CompShg,Wd Sdng,Plywood,BrkFace,260.0,Gd,Gd,CBlock,Gd,TA,No,GLQ,808.0,Unf,0.0,72.0,880.0,GasA,Ex,Y,SBrkr,1680,0,0,1680,1.0,0.0,2,0,3,1,Gd,5,Typ,1,Gd,Attchd,1988.0,Fin,2.0,540.0,TA,TA,Y,292,44,0,182,0,0,,,,0,12,2009,WD ,222000,True
305,911128180,50,C (all),60.0,7500,Pave,,Reg,Lvl,AllPub,Inside,Gtl,IDOTRR,Norm,Norm,1Fam,1.5Fin,4,4,1920,1950,Gable,CompShg,MetalSd,MetalSd,None,0.0,TA,Gd,CBlock,TA,TA,No,Unf,0.0,Unf,0.0,698.0,698.0,GasA,TA,Y,FuseA,698,430,0,1128,0.0,0.0,1,0,2,1,TA,6,Typ,0,,Detchd,1980.0,RFn,2.0,528.0,TA,TA,Y,30,0,164,0,0,0,,,,0,4,2010,COD,68400,True
671,535403190,20,RL,62.0,8010,Pave,,Reg,Lvl,AllPub,Inside,Gtl,NAmes,Norm,Norm,1Fam,1Story,6,9,1958,2007,Hip,CompShg,Wd Sdng,Wd Sdng,None,0.0,Gd,Gd,CBlock,TA,TA,Mn,GLQ,745.0,Unf,0.0,206.0,951.0,GasA,Gd,Y,SBrkr,951,0,0,951,1.0,0.0,1,0,2,1,Gd,6,Typ,0,,Detchd,1985.0,Unf,2.0,480.0,TA,TA,Y,0,0,42,0,0,0,,,Shed,450,9,2009,WD ,143500,True
2891,914476500,90,RL,82.0,11070,Pave,,Reg,Lvl,AllPub,Inside,Gtl,Mitchel,Norm,Norm,Duplex,1Story,7,5,1988,1989,Gable,CompShg,VinylSd,VinylSd,BrkFace,70.0,TA,TA,CBlock,TA,TA,No,Unf,0.0,Unf,0.0,1907.0,1907.0,GasA,Gd,Y,SBrkr,1959,0,0,1959,0.0,0.0,3,0,5,2,TA,9,Typ,0,,2Types,1989.0,Unf,3.0,766.0,TA,TA,Y,0,0,0,0,0,0,,,,0,7,2006,WD ,171000,True
440,528120160,20,RL,76.0,9591,Pave,,Reg,Lvl,AllPub,Inside,Gtl,NridgHt,Norm,Norm,1Fam,1Story,8,5,2004,2005,Hip,CompShg,VinylSd,VinylSd,BrkFace,262.0,Gd,TA,PConc,Ex,TA,Av,GLQ,1088.0,Unf,0.0,625.0,1713.0,GasA,Ex,Y,SBrkr,1713,0,0,1713,1.0,0.0,2,0,3,1,Ex,7,Typ,1,Gd,Attchd,2004.0,Fin,3.0,856.0,TA,TA,Y,0,26,0,0,170,0,,,,0,1,2009,WD ,274900,True
375,527352150,60,RL,,13250,Pave,,IR1,Lvl,AllPub,Inside,Gtl,NWAmes,RRNn,Norm,1Fam,2Story,7,6,1978,1978,Gable,CompShg,HdBoard,HdBoard,BrkFace,256.0,TA,TA,CBlock,Gd,TA,No,Unf,0.0,Unf,0.0,832.0,832.0,GasA,TA,Y,SBrkr,1154,896,0,2050,0.0,0.0,2,1,4,1,Gd,8,Typ,1,TA,Attchd,1978.0,RFn,2.0,529.0,TA,TA,Y,192,192,0,0,0,0,,,,0,5,2009,WD ,154000,True
990,526351030,20,RL,87.0,11029,Pave,,IR1,Lvl,AllPub,Corner,Gtl,NAmes,Norm,Norm,1Fam,1Story,6,8,1958,2002,Hip,CompShg,MetalSd,MetalSd,None,0.0,Ex,TA,CBlock,Gd,TA,No,ALQ,528.0,BLQ,411.0,245.0,1184.0,GasA,Ex,Y,SBrkr,1414,0,0,1414,1.0,0.0,1,0,3,1,TA,6,Min1,1,TA,Attchd,1990.0,Unf,2.0,601.0,TA,TA,Y,0,51,0,0,190,0,,,,0,5,2008,WD ,176500,True
1832,532479140,20,RL,43.0,12712,Pave,,IR1,Lvl,AllPub,CulDSac,Gtl,Sawyer,RRAe,Norm,1Fam,1Story,6,7,1973,2006,Gable,CompShg,CemntBd,CmentBd,None,0.0,TA,TA,CBlock,Gd,TA,Mn,ALQ,968.0,Unf,0.0,76.0,1044.0,GasA,TA,Y,SBrkr,1055,0,0,1055,1.0,0.0,1,0,2,1,Gd,5,Typ,1,TA,Attchd,1973.0,RFn,2.0,542.0,TA,TA,Y,455,0,0,0,0,0,,,,0,1,2007,WD ,147000,True
2363,527404180,20,RL,60.0,7200,Pave,,Reg,Lvl,AllPub,Inside,Gtl,NAmes,Norm,Norm,1Fam,1Story,4,4,1971,1971,Gable,CompShg,HdBoard,HdBoard,None,0.0,TA,TA,CBlock,TA,TA,No,Rec,20.0,LwQ,620.0,224.0,864.0,GasA,TA,Y,SBrkr,874,0,0,874,0.0,1.0,1,0,3,1,TA,5,Typ,0,,Detchd,1995.0,Unf,2.0,576.0,TA,TA,Y,63,0,0,0,0,0,,,,0,3,2006,WD ,97500,True
785,905377130,30,RL,,12342,Pave,,IR1,Lvl,AllPub,Inside,Gtl,Edwards,Norm,Norm,1Fam,1Story,4,5,1940,1950,Gable,CompShg,VinylSd,VinylSd,None,0.0,TA,TA,CBlock,TA,TA,No,BLQ,262.0,Unf,0.0,599.0,861.0,GasA,Ex,Y,SBrkr,861,0,0,861,0.0,0.0,1,0,1,1,TA,4,Typ,0,,Detchd,1961.0,Unf,2.0,539.0,TA,TA,Y,158,0,0,0,0,0,,,,0,3,2009,WD ,82500,True
